;Place of interest;City;Place address;lat_start;long_start;Type of place;Start;id;BiciMAD station;light;number;Station location;activate;no_available;total_bases;dock_bikes;free_bases;reservations_count;geometry_type;geometry_coordinates;long_finish;lat_finish;final;Distance
830;Capilla de San Isidro;MADRID;CALLE AGUILA 1;40.410034722621276;-3.711938408934679;catolicas;POINT (4498424.488260705 -413500.4498761344);42;Plaza de los Carros;1;38;Carrera de San Francisco nº 1;1;0;24;20;3;0;Point;[-3.7114762, 40.4114041];-3.7114762;40.4114041;POINT (4498576.926653208 -413448.8888590888);160.9223476951848
829;Capilla de San Isidro;MADRID;CALLE AGUILA 1;40.410034722621276;-3.711938408934679;catolicas;POINT (4498424.488260705 -413500.4498761344);41;Plaza de San Francisco;2;37;Plaza de San Francisco nº 5;1;0;24;13;10;0;Point;[-3.714113, 40.4108];-3.714113;40.4108;POINT (4498509.678548819 -413743.0334481568);257.10732117959435
837;Capilla de San Isidro;MADRID;CALLE AGUILA 1;40.410034722621276;-3.711938408934679;catolicas;POINT (4498424.488260705 -413500.4498761344);49;Puerta de Toledo;2;45;Glorieta de la Puerta de Toledo nº 1;1;0;21;8;12;0;Point;[-3.7110513, 40.4070358];-3.7110513;40.4070358;POINT (4498090.649721576 -413401.4898074972);348.1971645383369
831;Capilla de San Isidro;MADRID;CALLE AGUILA 1;40.410034722621276;-3.711938408934679;catolicas;POINT (4498424.488260705 -413500.4498761344);43;Plaza de la Cebada;1;39;Plaza de la Cebada nº 16 ;1;0;27;25;1;0;Point;[-3.7088337, 40.4112744];-3.7088337;40.4112744;POINT (4498562.488515252 -413154.1092953339);372.8214963817933
960;Capilla de San Isidro;MADRID;CALLE AGUILA 1;40.410034722621276;-3.711938408934679;catolicas;POINT (4498424.488260705 -413500.4498761344);174;Segovia 26;2;166;Calle Segovia nº 26;1;0;24;8;15;0;Point;[-3.7135833, 40.4138333];-3.7135833;40.4138333;POINT (4498847.343960243 -413683.9434243567);460.95208522274055
827;Capilla de San Isidro;MADRID;CALLE AGUILA 1;40.410034722621276;-3.711938408934679;catolicas;POINT (4498424.488260705 -413500.4498761344);39;Plaza del Cordón;1;35;Plaza del Cordón;1;0;24;18;6;0;Point;[-3.7103285, 40.4141931];-3.7103285;40.4141931;POINT (4498887.396713031 -413320.8590420586);496.5250274844333
1030;Capilla de San Isidro;MADRID;CALLE AGUILA 1;40.410034722621276;-3.711938408934679;catolicas;POINT (4498424.488260705 -413500.4498761344);244;Paseo Imperial;2;236;Paseo Imperial nº 20;1;0;24;10;14;0;Point;[-3.7172213778842007, 40.40765396169372];-3.7172213778842007;40.40765396169372;POINT (4498159.463166549 -414089.7853865778);646.1846828902926
801;Capilla de San Isidro;MADRID;CALLE AGUILA 1;40.410034722621276;-3.711938408934679;catolicas;POINT (4498424.488260705 -413500.4498761344);10;Plaza de San Miguel;2;9;Plaza de San Miguel nº 9;1;0;24;15;7;0;Point;[-3.7095084, 40.4156057];-3.7095084;40.4156057;POINT (4499044.646625726 -413229.3742149966);676.814902145489
961;Capilla de San Isidro;MADRID;CALLE AGUILA 1;40.410034722621276;-3.711938408934679;catolicas;POINT (4498424.488260705 -413500.4498761344);175;Segovia 45;2;167;Calle Segovia nº 45;1;0;24;11;12;0;Point;[-3.717487, 40.413736];-3.717487;40.413736;POINT (4498836.512573789 -414119.4166486436);743.5616316369616
919;Capilla de San Isidro;MADRID;CALLE AGUILA 1;40.410034722621276;-3.711938408934679;catolicas;POINT (4498424.488260705 -413500.4498761344);133;Metro Pirámides;2;162;Paseo de los Olmos nº 28;1;0;24;13;8;0;Point;[-3.7108108, 40.4034076];-3.7108108;40.4034076;POINT (4497686.76034508 -413374.6612181486);748.3750824088186
838;Capilla de San Isidro;MADRID;CALLE AGUILA 1;40.410034722621276;-3.711938408934679;catolicas;POINT (4498424.488260705 -413500.4498761344);50;Ribera de Curtidores;2;46;Calle Ribera de Curtidores nº 28;1;0;24;12;11;0;Point;[-3.7071259, 40.4053153];-3.7071259;40.4053153;POINT (4497899.124537665 -412963.5990588086);751.143023364695
828;Capilla de San Isidro;MADRID;CALLE AGUILA 1;40.410034722621276;-3.711938408934679;catolicas;POINT (4498424.488260705 -413500.4498761344);40;Plaza Ramales;2;36;Plaza de Ramales;1;0;24;8;16;0;Point;[-3.71183, 40.4168];-3.71183;40.4168;POINT (4499177.595493579 -413488.3564793408);753.2043245053313
824;Capilla de San Isidro;MADRID;CALLE AGUILA 1;40.410034722621276;-3.711938408934679;catolicas;POINT (4498424.488260705 -413500.4498761344);36;Plaza de la Provincia;2;32;Plaza de la Provincia nº 1;1;0;18;12;6;0;Point;[-3.7061032, 40.4150099];-3.7061032;40.4150099;POINT (4498978.322473111 -412849.5139680053);854.6636129629348
836;Capilla de San Isidro;MADRID;CALLE AGUILA 1;40.410034722621276;-3.711938408934679;catolicas;POINT (4498424.488260705 -413500.4498761344);48;Plaza de Nelson Mandela;2;44;Calle Mesón de Paredes nº 35;1;0;21;8;11;0;Point;[-3.7040666, 40.4097617];-3.7040666;40.4097617;POINT (4498394.095521529 -412622.3258442401);878.6498358190466
815;Capilla de San Isidro;MADRID;CALLE AGUILA 1;40.410034722621276;-3.711938408934679;catolicas;POINT (4498424.488260705 -413500.4498761344);27;Palacio de Oriente;2;24;Calle Carlos III nº 1;1;0;24;9;11;0;Point;[-3.710692, 40.417908];-3.710692;40.417908;POINT (4499300.937489377 -413361.4086785789);887.4095475359553
832;Capilla de San Isidro;MADRID;CALLE AGUILA 1;40.410034722621276;-3.711938408934679;catolicas;POINT (4498424.488260705 -413500.4498761344);44;Conde de Romanones;1;40;Plaza del Conde de Romanones nº 9;1;0;24;23;1;0;Point;[-3.7049407, 40.4138846];-3.7049407;40.4138846;POINT (4498853.05465012 -412719.8339501653);890.5225286387447
823;Capilla de San Isidro;MADRID;CALLE AGUILA 1;40.410034722621276;-3.711938408934679;catolicas;POINT (4498424.488260705 -413500.4498761344);35;Calle Mayor;2;31;Calle Mayor nº 20;1;0;27;15;9;0;Point;[-3.7068969, 40.4163638];-3.7068969;40.4163638;POINT (4499129.037931696 -412938.0534466859);901.487649804105
920;Capilla de San Isidro;MADRID;CALLE AGUILA 1;40.410034722621276;-3.711938408934679;catolicas;POINT (4498424.488260705 -413500.4498761344);134;Paseo de la Esperanza;2;163;Paseo de la Esperanza nº 2;1;0;21;6;10;0;Point;[-3.7064516, 40.4035988];-3.7064516;40.4035988;POINT (4497708.044631719 -412888.3789631003);942.2962782997723
963;Capilla de San Isidro;MADRID;CALLE AGUILA 1;40.410034722621276;-3.711938408934679;catolicas;POINT (4498424.488260705 -413500.4498761344);177;Pirámides;2;169;Calle Toledo nº 181;1;0;24;8;11;0;Point;[-3.7138055, 40.4016111];-3.7138055;40.4016111;POINT (4497486.774879869 -413708.7306643059);960.5661202229185
817;Capilla de San Isidro;MADRID;CALLE AGUILA 1;40.410034722621276;-3.711938408934679;catolicas;POINT (4498424.488260705 -413500.4498761344);29;Plaza de Celenque B;0;25b;Plaza de Celenque nº 1;1;0;24;6;18;0;Point;[-3.7063837, 40.4172781];-3.7063837;40.4172781;POINT (4499230.817342127 -412880.8045268614);1016.9203245200877
822;Capilla de San Isidro;MADRID;CALLE AGUILA 1;40.410034722621276;-3.711938408934679;catolicas;POINT (4498424.488260705 -413500.4498761344);34;San Quintín;0;30;Calle Pavía nº 6;1;0;27;6;19;0;Point;[-3.711504, 40.4192095];-3.711504;40.4192095;POINT (4499445.819806646 -413451.9900451842);1022.480553335435
835;Capilla de San Isidro;MADRID;CALLE AGUILA 1;40.410034722621276;-3.711938408934679;catolicas;POINT (4498424.488260705 -413500.4498761344);47;Jesús y María;2;43;Calle Lavapiés nº 34;1;0;24;13;10;0;Point;[-3.7025024, 40.4101564];-3.7025024;40.4101564;POINT (4498438.033324544 -412447.8355465636);1052.701475049869
826;Capilla de San Isidro;MADRID;CALLE AGUILA 1;40.410034722621276;-3.711938408934679;catolicas;POINT (4498424.488260705 -413500.4498761344);38;Jacinto Benavente;1;34;Plaza de Jacinto Benavente;1;0;24;19;3;0;Point;[-3.7036825, 40.4146755];-3.7036825;40.4146755;POINT (4498941.097235389 -412579.4785305898);1055.9701946732914
816;Capilla de San Isidro;MADRID;CALLE AGUILA 1;40.410034722621276;-3.711938408934679;catolicas;POINT (4498424.488260705 -413500.4498761344);28;Plaza de Celenque A;0;25a;Plaza de Celenque nº 1;1;0;24;1;22;0;Point;[-3.7057791, 40.4173703];-3.7057791;40.4173703;POINT (4499241.080999179 -412813.3597196625);1067.2003484110533
839;Capilla de San Isidro;MADRID;CALLE AGUILA 1;40.410034722621276;-3.711938408934679;catolicas;POINT (4498424.488260705 -413500.4498761344);51;Embajadores 1;0;47;Glorieta de Embajadores nº 6;1;0;24;3;15;0;Point;[-3.7028265, 40.4047851];-3.7028265;40.4047851;POINT (4497840.102943647 -412483.9896610428);1172.4749752798523
840;Capilla de San Isidro;MADRID;CALLE AGUILA 1;40.410034722621276;-3.711938408934679;catolicas;POINT (4498424.488260705 -413500.4498761344);52;Embajadores 2;0;48;Glorieta de Embajadores nº 2;1;0;24;3;21;0;Point;[-3.7022591, 40.4056107];-3.7022591;40.4056107;POINT (4497932.008315246 -412420.694870124);1186.7634008866783
814;Capilla de San Isidro;MADRID;CALLE AGUILA 1;40.410034722621276;-3.711938408934679;catolicas;POINT (4498424.488260705 -413500.4498761344);26;Santo Domingo;1;23;Plaza de Santo Domingo nº 1;1;0;24;17;7;0;Point;[-3.7081246, 40.4202834];-3.7081246;40.4202834;POINT (4499565.365807809 -413075.0070087535);1217.6219490840062
825;Capilla de San Isidro;MADRID;CALLE AGUILA 1;40.410034722621276;-3.711938408934679;catolicas;POINT (4498424.488260705 -413500.4498761344);37;Carretas;3;33;Calle Carretas nº 8;1;1;21;0;0;0;Point;[-3.7030833, 40.4165039];-3.7030833;40.4165039;POINT (4499144.633792356 -412512.6363122106);1222.4504995410368
845;Capilla de San Isidro;MADRID;CALLE AGUILA 1;40.410034722621276;-3.711938408934679;catolicas;POINT (4498424.488260705 -413500.4498761344);57;Plaza de Lavapiés;1;53;Calle Valencia nº 1;1;0;24;20;2;0;Point;[-3.7007111, 40.4083061];-3.7007111;40.4083061;POINT (4498232.05887073 -412248.0120726033);1267.134374026697
813;Capilla de San Isidro;MADRID;CALLE AGUILA 1;40.410034722621276;-3.711938408934679;catolicas;POINT (4498424.488260705 -413500.4498761344);25;Jacometrezo;1;22;Calle Jacometrezo nº 3;1;0;24;21;3;0;Point;[-3.7065376, 40.4200783];-3.7065376;40.4200783;POINT (4499542.534180247 -412897.9725061509);1270.0415975656892
964;Capilla de San Isidro;MADRID;CALLE AGUILA 1;40.410034722621276;-3.711938408934679;catolicas;POINT (4498424.488260705 -413500.4498761344);178;Paseo de la Esperanza;2;170;Paseo de la Esperanza nº 21;1;0;24;16;7;0;Point;[-3.7043611, 40.401];-3.7043611;40.401;POINT (4497418.747539046 -412655.1780668597);1313.7727469990236
844;Capilla de San Isidro;MADRID;CALLE AGUILA 1;40.410034722621276;-3.711938408934679;catolicas;POINT (4498424.488260705 -413500.4498761344);56;Plaza de Santa Ana;1;52;Plaza de Santa Ana nº 10;1;0;24;22;2;0;Point;[-3.7007164, 40.4144226];-3.7007164;40.4144226;POINT (4498912.944536167 -412248.6032987208);1343.7668646087964
848;Capilla de San Isidro;MADRID;CALLE AGUILA 1;40.410034722621276;-3.711938408934679;catolicas;POINT (4498424.488260705 -413500.4498761344);60;Plaza del Carmen ;2;56;Plaza del Carmen nº 1;1;0;24;7;13;0;Point;[-3.7032414, 40.4184192];-3.7032414;40.4184192;POINT (4499357.844013072 -412530.2727476137);1346.2528073064707
794;Capilla de San Isidro;MADRID;CALLE AGUILA 1;40.410034722621276;-3.711938408934679;catolicas;POINT (4498424.488260705 -413500.4498761344);3;Miguel Moya;2;2;Calle Miguel Moya nº 1;1;0;24;12;11;0;Point;[-3.7058415, 40.4205886];-3.7058415;40.4205886;POINT (4499599.340516399 -412820.3206106317);1357.5174549528408
792;Capilla de San Isidro;MADRID;CALLE AGUILA 1;40.410034722621276;-3.711938408934679;catolicas;POINT (4498424.488260705 -413500.4498761344);1;Puerta del Sol A;2;1a;Puerta del Sol nº 1;1;0;30;15;11;0;Point;[-3.7018341, 40.4172137];-3.7018341;40.4172137;POINT (4499223.648366921 -412373.2851572837);1381.7225404502624
793;Capilla de San Isidro;MADRID;CALLE AGUILA 1;40.410034722621276;-3.711938408934679;catolicas;POINT (4498424.488260705 -413500.4498761344);2;Puerta del Sol B;1;1b;Puerta del Sol nº 1;1;0;30;22;4;0;Point;[-3.701602938060457, 40.41731271011562];-3.701602938060457;40.41731271011562;POINT (4499234.670122574 -412347.498528782);1409.145648491747
1006;Capilla de San Isidro;MADRID;CALLE AGUILA 1;40.410034722621276;-3.711938408934679;catolicas;POINT (4498424.488260705 -413500.4498761344);220;Marqués de Vadillo;2;212;Glorieta Marqués de Vadillo nº 9;1;0;24;12;10;1;Point;[-3.716591, 40.398247];-3.716591;40.398247;POINT (4497112.284980891 -414019.4641230708);1411.1177258035161
1017;Capilla de San Isidro;MADRID;CALLE AGUILA 1;40.410034722621276;-3.711938408934679;catolicas;POINT (4498424.488260705 -413500.4498761344);231;Ermita Santo;2;223;Paseo de la Ermita del Santo nº 48;1;0;24;13;8;0;Point;[-3.7244893989507686, 40.406837862773465];-3.7244893989507686;40.406837862773465;POINT (4498068.615450309 -414900.5668678451);1444.6359567920067
833;Capilla de San Isidro;MADRID;CALLE AGUILA 1;40.410034722621276;-3.711938408934679;catolicas;POINT (4498424.488260705 -413500.4498761344);45;Antón Martín;1;41;Calle Atocha nº 54;1;0;18;13;2;0;Point;[-3.6991147, 40.4122047];-3.6991147;40.4122047;POINT (4498666.049037537 -412069.9304649164);1450.7713102949688
841;Capilla de San Isidro;MADRID;CALLE AGUILA 1;40.410034722621276;-3.711938408934679;catolicas;POINT (4498424.488260705 -413500.4498761344);53;Casa Encendida;2;49;Ronda de Atocha nº 34;1;0;24;12;12;0;Point;[-3.6992759, 40.4060941];-3.6992759;40.4060941;POINT (4497985.820157095 -412087.9126322374);1479.084571794722
1004;Capilla de San Isidro;MADRID;CALLE AGUILA 1;40.410034722621276;-3.711938408934679;catolicas;POINT (4498424.488260705 -413500.4498761344);218;Tres Cruces;0;210;Calle Tres Cruces nº 7;1;0;27;7;19;0;Point;[-3.7026735, 40.419674];-3.7026735;40.419674;POINT (4499497.527710119 -412466.9221508605);1489.8299295252095
968;Capilla de San Isidro;MADRID;CALLE AGUILA 1;40.410034722621276;-3.711938408934679;catolicas;POINT (4498424.488260705 -413500.4498761344);182;Madrid Río-Yeserías;0;174;Paseo de Yeserías nº 45;1;0;27;7;19;0;Point;[-3.7065277, 40.3974444];-3.7065277;40.3974444;POINT (4497022.939957581 -412896.8681331253);1525.9910112726914
834;Capilla de San Isidro;MADRID;CALLE AGUILA 1;40.410034722621276;-3.711938408934679;catolicas;POINT (4498424.488260705 -413500.4498761344);46;Santa Isabel;1;42;Calle Atocha nº 95;1;0;24;20;3;0;Point;[-3.6982318, 40.4107085];-3.6982318;40.4107085;POINT (4498499.492815413 -411971.4413447187);1530.8470767418055
808;Capilla de San Isidro;MADRID;CALLE AGUILA 1;40.410034722621276;-3.711938408934679;catolicas;POINT (4498424.488260705 -413500.4498761344);17;San Bernardo;2;16;Calle San Bernardo nº 22;1;0;21;14;7;0;Point;[-3.7075065, 40.4230721];-3.7075065;40.4230721;POINT (4499875.802471784 -413006.0561038959);1533.2117079215957
909;Capilla de San Isidro;MADRID;CALLE AGUILA 1;40.410034722621276;-3.711938408934679;catolicas;POINT (4498424.488260705 -413500.4498761344);123;Plaza de España A;3;116a;Calle Princesa nº 5;1;1;24;0;0;0;Point;[-3.711603, 40.42402];-3.711603;40.42402;POINT (4499981.322217106 -413463.0338381871);1557.2835090947453
910;Capilla de San Isidro;MADRID;CALLE AGUILA 1;40.410034722621276;-3.711938408934679;catolicas;POINT (4498424.488260705 -413500.4498761344);124;Plaza de España B;3;116b;Calle Princesa nº 5;1;1;24;0;0;0;Point;[-3.711703, 40.42412];-3.711703;40.42412;POINT (4499992.454166186 -413474.1891859107);1568.185800408208
1005;Capilla de San Isidro;MADRID;CALLE AGUILA 1;40.410034722621276;-3.711938408934679;catolicas;POINT (4498424.488260705 -413500.4498761344);219;Desengaño;2;211;Calle Desengaño nº 1;1;0;24;10;8;0;Point;[-3.70239, 40.42059];-3.70239;40.42059;POINT (4499599.496363685 -412435.2970662616);1585.9364900429186
967;Capilla de San Isidro;MADRID;CALLE AGUILA 1;40.410034722621276;-3.711938408934679;catolicas;POINT (4498424.488260705 -413500.4498761344);181;Puente Praga;0;173;Paseo de la Esperanza nº 59;1;0;24;4;20;0;Point;[-3.7023918, 40.3981798];-3.7023918;40.3981798;POINT (4497104.804311111 -412435.4978604175);1695.7855178637992
809;Capilla de San Isidro;MADRID;CALLE AGUILA 1;40.410034722621276;-3.711938408934679;catolicas;POINT (4498424.488260705 -413500.4498761344);18;Carlos Cambronero;0;17;Plaza de Carlos Cambronero nº 2;1;0;24;5;18;0;Point;[-3.7038312, 40.4232649];-3.7038312;40.4232649;POINT (4499897.264869608 -412596.0663845149);1728.2882976071069
915;Capilla de San Isidro;MADRID;CALLE AGUILA 1;40.410034722621276;-3.711938408934679;catolicas;POINT (4498424.488260705 -413500.4498761344);129;Santa María de la Cabeza;2;121;Paseo de Santa María de la Cabeza nº 58;1;0;24;16;7;0;Point;[-3.6987665, 40.4017926];-3.6987665;40.4017926;POINT (4497506.979367448 -412031.0881022502);1732.2951803193628
820;Capilla de San Isidro;MADRID;CALLE AGUILA 1;40.410034722621276;-3.711938408934679;catolicas;POINT (4498424.488260705 -413500.4498761344);32;Sevilla;1;28;Calle Alcalá nº 27;1;0;24;17;2;0;Point;[-3.6984368, 40.4181518];-3.6984368;40.4181518;POINT (4499328.077181233 -411994.3094633282);1756.3974152762419
918;Capilla de San Isidro;MADRID;CALLE AGUILA 1;40.410034722621276;-3.711938408934679;catolicas;POINT (4498424.488260705 -413500.4498761344);132;Paseo de la Florida;2;161;Paseo de la Florida nº 8;1;0;27;11;14;0;Point;[-3.7224983, 40.4219665];-3.7224983;40.4219665;POINT (4499752.727642763 -414678.4498738055);1775.3602030472496
1021;Capilla de San Isidro;MADRID;CALLE AGUILA 1;40.410034722621276;-3.711938408934679;catolicas;POINT (4498424.488260705 -413500.4498761344);235;San Delfín;1;228;Calle San Delfín nº 9;1;0;24;17;7;0;Point;[-3.7080429728445563, 40.39440607959559];-3.7080429728445563;40.39440607959559;POINT (4496684.715677296 -413065.9012525062);1793.2208866393291
806;Capilla de San Isidro;MADRID;CALLE AGUILA 1;40.410034722621276;-3.711938408934679;catolicas;POINT (4498424.488260705 -413500.4498761344);15;Ventura Rodríguez;2;14;Calle Duque de Liria;1;0;24;10;13;0;Point;[-3.713479, 40.4260957];-3.713479;40.4260957;POINT (4500212.388084146 -413672.3083719324);1796.140618448045
908;Capilla de San Isidro;MADRID;CALLE AGUILA 1;40.410034722621276;-3.711938408934679;catolicas;POINT (4498424.488260705 -413500.4498761344);122;Ferraz;2;115;Calle Evaristo San Miguel nº 2;1;0;24;13;10;0;Point;[-3.7170448, 40.4253944];-3.7170448;40.4253944;POINT (4500134.319725253 -414070.087387282);1802.2237739147806
810;Capilla de San Isidro;MADRID;CALLE AGUILA 1;40.410034722621276;-3.711938408934679;catolicas;POINT (4498424.488260705 -413500.4498761344);19;Plaza de Pedro Zerolo;1;18;Plaza de Pedro Zerolo nº 1;1;0;24;15;3;0;Point;[-3.6996502, 40.4207773];-3.6996502;40.4207773;POINT (4499620.346504311 -412129.6665234389);1819.099760548489
1018;Capilla de San Isidro;MADRID;CALLE AGUILA 1;40.410034722621276;-3.711938408934679;catolicas;POINT (4498424.488260705 -413500.4498761344);232;Caramuel;2;224;Calle Caramuel nº 51;1;0;24;14;9;0;Point;[-3.728533714316331, 40.40913630273305];-3.728533714316331;40.40913630273305;POINT (4498324.476616229 -415351.7319152079);1853.981530983208
819;Capilla de San Isidro;MADRID;CALLE AGUILA 1;40.410034722621276;-3.711938408934679;catolicas;POINT (4498424.488260705 -413500.4498761344);31;Huertas;2;27;Calle Jesús nº 1;1;0;24;10;12;0;Point;[-3.6956178, 40.4132798];-3.6956178;40.4132798;POINT (4498785.728622088 -411679.8454080712);1856.096772214153
807;Capilla de San Isidro;MADRID;CALLE AGUILA 1;40.410034722621276;-3.711938408934679;catolicas;POINT (4498424.488260705 -413500.4498761344);16;San Vicente Ferrer;2;15;Calle San Vicente Ferrer nº 64;1;0;21;7;13;0;Point;[-3.7074453, 40.4262383];-3.7074453;40.4262383;POINT (4500228.262243534 -412999.2290633588);1872.1172196976245
1010;Capilla de San Isidro;MADRID;CALLE AGUILA 1;40.410034722621276;-3.711938408934679;catolicas;POINT (4498424.488260705 -413500.4498761344);224;Puerta del Ángel;2;216;Plaza Puerta del Ángel nº 4;1;0;24;16;7;0;Point;[-3.728318, 40.413764];-3.728318;40.413764;POINT (4498839.629519532 -415327.6677751078);1873.7842765667365
962;Capilla de San Isidro;MADRID;CALLE AGUILA 1;40.410034722621276;-3.711938408934679;catolicas;POINT (4498424.488260705 -413500.4498761344);176;Batalla del Salado;2;168;Paseo Santa María de la Cabeza nº 29;1;0;24;9;13;0;Point;[-3.6959166, 40.4044722];-3.6959166;40.4044722;POINT (4497805.271074978 -411713.1769888426);1891.5005410383603
965;Capilla de San Isidro;MADRID;CALLE AGUILA 1;40.410034722621276;-3.711938408934679;catolicas;POINT (4498424.488260705 -413500.4498761344);179;Embajadores-Cáceres;2;171;Calle Embajadores nº 101;1;0;24;14;9;0;Point;[-3.6983888, 40.39975];-3.6983888;40.39975;POINT (4497279.598175554 -411988.9549765445);1896.1514018042858
847;Capilla de San Isidro;MADRID;CALLE AGUILA 1;40.410034722621276;-3.711938408934679;catolicas;POINT (4498424.488260705 -413500.4498761344);59;Plaza de San Ildefonso;2;55;Plaza de San Ildefonso;1;0;24;8;14;0;Point;[-3.7020842, 40.4239757];-3.7020842;40.4239757;POINT (4499976.390763665 -412401.1843761319);1901.7849558212308
851;Capilla de San Isidro;MADRID;CALLE AGUILA 1;40.410034722621276;-3.711938408934679;catolicas;POINT (4498424.488260705 -413500.4498761344);63;Plaza de Juan Pujol;0;59;Calle Espíritu Santo nº 30;1;0;21;2;17;0;Point;[-3.7043418, 40.4255495];-3.7043418;40.4255495;POINT (4500151.585378275 -412653.0251025286);1923.7965590051847
805;Capilla de San Isidro;MADRID;CALLE AGUILA 1;40.410034722621276;-3.711938408934679;catolicas;POINT (4498424.488260705 -413500.4498761344);14;Conde Duque;0;13;Calle Conde Duque nº 22;1;0;24;6;16;0;Point;[-3.7104417, 40.4273264];-3.7104417;40.4273264;POINT (4500349.388981465 -413333.4868775574);1932.1282120183114
821;Capilla de San Isidro;MADRID;CALLE AGUILA 1;40.410034722621276;-3.711938408934679;catolicas;POINT (4498424.488260705 -413500.4498761344);33;Marqués de Cubas;2;29;Calle del Marqués de Cubas nº 25;1;0;24;8;14;0;Point;[-3.6957355, 40.4162619];-3.6957355;40.4162619;POINT (4499117.694475584 -411692.9750153542);1935.8461273300559
907;Capilla de San Isidro;MADRID;CALLE AGUILA 1;40.410034722621276;-3.711938408934679;catolicas;POINT (4498424.488260705 -413500.4498761344);121;Quintana;2;114;Calle Quintana nº 11;1;0;24;10;13;0;Point;[-3.7174158, 40.4277456];-3.7174158;40.4277456;POINT (4500396.054112006 -414111.4739888796);2064.07906156041
843;Capilla de San Isidro;MADRID;CALLE AGUILA 1;40.410034722621276;-3.711938408934679;catolicas;POINT (4498424.488260705 -413500.4498761344);55;Ronda de Atocha;1;51;Ronda de Atocha nº 2;1;0;27;21;3;0;Point;[-3.6935205, 40.4075606];-3.6935205;40.4075606;POINT (4498149.070190343 -411445.8888151808);2072.9390407507544
850;Capilla de San Isidro;MADRID;CALLE AGUILA 1;40.410034722621276;-3.711938408934679;catolicas;POINT (4498424.488260705 -413500.4498761344);62;Augusto Figueroa;1;58;Calle Augusto Figueroa nº 33;1;0;24;19;2;0;Point;[-3.697895, 40.4222862];-3.697895;40.4222862;POINT (4499788.316483969 -411933.870710604);2077.0646847041367
842;Capilla de San Isidro;MADRID;CALLE AGUILA 1;40.410034722621276;-3.711938408934679;catolicas;POINT (4498424.488260705 -413500.4498761344);54;Museo Reina Sofía;2;50;Calle Santa Isabel nº 57;1;0;24;16;8;0;Point;[-3.6933463, 40.4083684];-3.6933463;40.4083684;POINT (4498238.994075007 -411426.4565993216);2082.271885511756
857;Capilla de San Isidro;MADRID;CALLE AGUILA 1;40.410034722621276;-3.711938408934679;catolicas;POINT (4498424.488260705 -413500.4498761344);71;Almadén;1;67;Calle Almadén nº 28;1;0;24;15;5;0;Point;[-3.693225, 40.4108472];-3.693225;40.4108472;POINT (4498514.932828785 -411412.9254432287);2089.4828254554404
914;Capilla de San Isidro;MADRID;CALLE AGUILA 1;40.410034722621276;-3.711938408934679;catolicas;POINT (4498424.488260705 -413500.4498761344);128;Palos de la Frontera;2;120;Calle Palos de la Frontera nº 27;1;0;24;11;12;0;Point;[-3.6944768, 40.4032208];-3.6944768;40.4032208;POINT (4497665.965864199 -411552.5652782198);2090.361364165005
803;Capilla de San Isidro;MADRID;CALLE AGUILA 1;40.410034722621276;-3.711938408934679;catolicas;POINT (4498424.488260705 -413500.4498761344);12;San Andrés;2;11;Calle San Andrés nº 18;1;0;24;13;10;0;Point;[-3.7035918, 40.4269483];-3.7035918;40.4269483;POINT (4500307.299081996 -412569.3607219302);2100.453189634912
812;Capilla de San Isidro;MADRID;CALLE AGUILA 1;40.410034722621276;-3.711938408934679;catolicas;POINT (4498424.488260705 -413500.4498761344);21;Banco de España A;3;20a;Calle Alcalá nº 49;1;1;30;0;0;0;Point;[-3.6954615, 40.4192342];-3.6954615;40.4192342;POINT (4499448.569398068 -411662.4099169793);2104.075347356467
804;Capilla de San Isidro;MADRID;CALLE AGUILA 1;40.410034722621276;-3.711938408934679;catolicas;POINT (4498424.488260705 -413500.4498761344);13;San Hermenegildo;2;12;Calle San Bernardo nº 85;1;0;24;11;13;0;Point;[-3.7061931, 40.4284246];-3.7061931;40.4284246;POINT (4500471.640046255 -412859.5425631503);2145.132307554897
969;Capilla de San Isidro;MADRID;CALLE AGUILA 1;40.410034722621276;-3.711938408934679;catolicas;POINT (4498424.488260705 -413500.4498761344);183;Jaime el Conquistador;2;175;Calle Jaime el Conquistador nº 30;1;0;21;12;8;0;Point;[-3.6983055, 40.3962222];-3.6983055;40.3962222;POINT (4496886.885275933 -411979.6627116296);2162.6411025647267
849;Capilla de San Isidro;MADRID;CALLE AGUILA 1;40.410034722621276;-3.711938408934679;catolicas;POINT (4498424.488260705 -413500.4498761344);61;Santa Cruz del Marcenado;0;57;Calle Santa Cruz del Marcenado nº 24;1;0;24;5;18;0;Point;[-3.7126299, 40.4295658];-3.7126299;40.4295658;POINT (4500598.677849147 -413577.588164081);2175.5575565723047
798;Capilla de San Isidro;MADRID;CALLE AGUILA 1;40.410034722621276;-3.711938408934679;catolicas;POINT (4498424.488260705 -413500.4498761344);7;Colegio Arquitectos;1;6;Calle Hortaleza nº 63;1;0;24;20;1;0;Point;[-3.698447, 40.424148];-3.698447;40.424148;POINT (4499995.571111929 -411995.4472918063);2175.6226934473643
906;Capilla de San Isidro;MADRID;CALLE AGUILA 1;40.410034722621276;-3.711938408934679;catolicas;POINT (4498424.488260705 -413500.4498761344);120;Pintor Rosales;2;113;Paseo del Pintor Rosales frente al nº 38;1;0;24;12;12;0;Point;[-3.7205129, 40.427657];-3.7205129;40.427657;POINT (4500386.191205122 -414456.9691261234);2182.4773808065256
872;Capilla de San Isidro;MADRID;CALLE AGUILA 1;40.410034722621276;-3.711938408934679;catolicas;POINT (4498424.488260705 -413500.4498761344);86;Cuesta de Moyano;1;81;Cuesta de Claudio Moyano;1;0;24;21;0;0;Point;[-3.691987, 40.409297];-3.691987;40.409297;POINT (4498342.365354158 -411274.8252089514);2227.139270668386
846;Capilla de San Isidro;MADRID;CALLE AGUILA 1;40.410034722621276;-3.711938408934679;catolicas;POINT (4498424.488260705 -413500.4498761344);58;Barceló;1;54;Calle Barceló nº 7;1;0;21;18;2;0;Point;[-3.700423, 40.4266828];-3.700423;40.4266828;POINT (4500277.743757191 -412215.8739185985);2254.9260134060128
811;Capilla de San Isidro;MADRID;CALLE AGUILA 1;40.410034722621276;-3.711938408934679;catolicas;POINT (4498424.488260705 -413500.4498761344);20;Prim;3;19;Calle Prim nº 2;1;1;24;0;0;0;Point;[-3.6954983, 40.4218616];-3.6954983;40.4218616;POINT (4499741.050228179 -411666.5150099347);2257.576689209131
1016;Capilla de San Isidro;MADRID;CALLE AGUILA 1;40.410034722621276;-3.711938408934679;catolicas;POINT (4498424.488260705 -413500.4498761344);230;Antonio López;2;222;Calle Eugenio Caxes frente al nº 12;1;0;24;9;12;1;Point;[-3.7026789, 40.3917871];-3.7026789;40.3917871;POINT (4496393.172202316 -412467.5245335224);2278.854908167441
877;Capilla de San Isidro;MADRID;CALLE AGUILA 1;40.410034722621276;-3.711938408934679;catolicas;POINT (4498424.488260705 -413500.4498761344);91;Cibeles;2;86;Plaza Cibeles;1;0;21;6;9;0;Point;[-3.6933498, 40.4186516];-3.6933498;40.4186516;POINT (4499383.714662732 -411426.8470284207);2284.7196896755645
966;Capilla de San Isidro;MADRID;CALLE AGUILA 1;40.410034722621276;-3.711938408934679;catolicas;POINT (4498424.488260705 -413500.4498761344);180;Delicias;0;172;Calle Bustamante nº 1;1;0;24;6;17;0;Point;[-3.6935833, 40.4008888];-3.6935833;40.4008888;POINT (4497406.368811669 -411452.8942303291);2286.711904717068
917;Capilla de San Isidro;MADRID;CALLE AGUILA 1;40.410034722621276;-3.711938408934679;catolicas;POINT (4498424.488260705 -413500.4498761344);131;Guzmán el Bueno;2;123;Calle Guzmán el Bueno nº 1;1;0;24;9;14;0;Point;[-3.7133412, 40.4306458];-3.7133412;40.4306458;POINT (4500718.902899205 -413656.93627218);2299.744882700945
796;Capilla de San Isidro;MADRID;CALLE AGUILA 1;40.410034722621276;-3.711938408934679;catolicas;POINT (4498424.488260705 -413500.4498761344);5;Malasaña;2;4;Calle Manuela Malasaña nº 5;1;0;24;12;12;0;Point;[-3.7025875, 40.4285524];-3.7025875;40.4285524;POINT (4500485.866677178 -412457.3286497012);2310.2776605716517
799;Capilla de San Isidro;MADRID;CALLE AGUILA 1;40.410034722621276;-3.711938408934679;catolicas;POINT (4498424.488260705 -413500.4498761344);8;Hortaleza;2;7;Calle Hortaleza nº 75;1;0;21;10;11;0;Point;[-3.6977715, 40.4251906];-3.6977715;40.4251906;POINT (4500111.632813029 -411920.094071327);2311.705260240811
795;Capilla de San Isidro;MADRID;CALLE AGUILA 1;40.410034722621276;-3.711938408934679;catolicas;POINT (4498424.488260705 -413500.4498761344);4;Plaza Conde Suchil;0;3;Plaza del Conde del Valle de Súchil nº 3;1;0;18;4;11;0;Point;[-3.7069171, 40.4302937];-3.7069171;40.4302937;POINT (4500679.707306497 -412940.3068148255);2323.7412062522203
858;Capilla de San Isidro;MADRID;CALLE AGUILA 1;40.410034722621276;-3.711938408934679;catolicas;POINT (4498424.488260705 -413500.4498761344);72;Espalter;2;68;Calle Espalter nº 1;1;0;21;7;10;0;Point;[-3.6912023, 40.4128372];-3.6912023;40.4128372;POINT (4498736.458615463 -411187.2911779323);2334.101254298117
797;Capilla de San Isidro;MADRID;CALLE AGUILA 1;40.410034722621276;-3.711938408934679;catolicas;POINT (4498424.488260705 -413500.4498761344);6;Fuencarral;2;5;Calle Fuencarral nº 108;1;0;27;15;10;0;Point;[-3.70205, 40.42852];-3.70205;40.42852;POINT (4500482.259925677 -412397.3692885628);2334.7828609609146
922;Capilla de San Isidro;MADRID;CALLE AGUILA 1;40.410034722621276;-3.711938408934679;catolicas;POINT (4498424.488260705 -413500.4498761344);136;Paseo de las Delicias;2;164;Paseo de las Delicias nº 92;1;0;24;14;9;0;Point;[-3.6945025, 40.3972616];-3.6945025;40.3972616;POINT (4497002.590754665 -411555.4321470031);2409.333203257584
870;Capilla de San Isidro;MADRID;CALLE AGUILA 1;40.410034722621276;-3.711938408934679;catolicas;POINT (4498424.488260705 -413500.4498761344);84;Atocha A;2;80a;Paseo de la Infanta Isabel nº 3;1;0;24;10;12;0;Point;[-3.6902255, 40.4075685];-3.6902255;40.4075685;POINT (4498149.949614321 -411078.3283173366);2437.630881399335
871;Capilla de San Isidro;MADRID;CALLE AGUILA 1;40.410034722621276;-3.711938408934679;catolicas;POINT (4498424.488260705 -413500.4498761344);85;Atocha B;1;80b;Paseo de la Infanta Isabel nº 3;1;0;27;21;6;0;Point;[-3.6901234, 40.4074902];-3.6901234;40.4074902;POINT (4498141.233298192 -411066.93898348);2449.9405377388407
911;Capilla de San Isidro;MADRID;CALLE AGUILA 1;40.410034722621276;-3.711938408934679;catolicas;POINT (4498424.488260705 -413500.4498761344);125;Altamirano;2;117;Calle Altamirano nº 24;1;0;24;13;10;0;Point;[-3.7188898, 40.4309797];-3.7188898;40.4309797;POINT (4500756.072477181 -414275.9050254758);2457.1560079006167
818;Capilla de San Isidro;MADRID;CALLE AGUILA 1;40.410034722621276;-3.711938408934679;catolicas;POINT (4498424.488260705 -413500.4498761344);30;Plaza de las Salesas;0;26;Plaza de las Salesas 7;1;0;24;1;20;0;Point;[-3.694475, 40.423855];-3.694475;40.423855;POINT (4499962.954501126 -411552.3644858565);2482.3204991960956
921;Capilla de San Isidro;MADRID;CALLE AGUILA 1;40.410034722621276;-3.711938408934679;catolicas;POINT (4498424.488260705 -413500.4498761344);135;Entrada Matadero;1;165;Paseo de la Chopera nº 14;1;0;27;19;6;0;Point;[-3.6975708, 40.3928821];-3.6975708;40.3928821;POINT (4496515.067044735 -411897.7056421987);2492.925682689044
859;Capilla de San Isidro;MADRID;CALLE AGUILA 1;40.410034722621276;-3.711938408934679;catolicas;POINT (4498424.488260705 -413500.4498761344);73;Puerta del Ángel Caído;1;69;Avenida de Alfonso XII nº 54;1;0;27;16;6;0;Point;[-3.688822, 40.409808];-3.688822;40.409808;POINT (4498399.249613952 -410921.7669230159);2578.806460747624
856;Capilla de San Isidro;MADRID;CALLE AGUILA 1;40.410034722621276;-3.711938408934679;catolicas;POINT (4498424.488260705 -413500.4498761344);69;Antonio Maura;2;65;Calle Antonio Maura nº 15;1;0;24;9;14;0;Point;[-3.6894193, 40.4166834];-3.6894193;40.4166834;POINT (4499164.615640952 -410988.3961203106);2618.8170251356155
954;Capilla de San Isidro;MADRID;CALLE AGUILA 1;40.410034722621276;-3.711938408934679;catolicas;POINT (4498424.488260705 -413500.4498761344);168;Fernando el Católico;1;127;Calle Fernando el Católico nº 19;1;0;24;18;4;0;Point;[-3.708439, 40.4338516];-3.708439;40.4338516;POINT (4501075.770922789 -413110.0792881895);2679.8673381720546
970;Capilla de San Isidro;MADRID;CALLE AGUILA 1;40.410034722621276;-3.711938408934679;catolicas;POINT (4498424.488260705 -413500.4498761344);184;Beata;2;176;Calle Alicante nº 3;1;0;24;16;7;0;Point;[-3.6937222, 40.39425];-3.6937222;40.39425;POINT (4496667.340976191 -411468.3886933023);2686.417545775213
1007;Capilla de San Isidro;MADRID;CALLE AGUILA 1;40.410034722621276;-3.711938408934679;catolicas;POINT (4498424.488260705 -413500.4498761344);221;Glorieta de Cádiz;0;213;Calle Antonio López nº 129;1;0;24;7;16;0;Point;[-3.70017, 40.38895];-3.70017;40.38895;POINT (4496077.347674986 -412187.6512511889);2689.3324745718014
800;Capilla de San Isidro;MADRID;CALLE AGUILA 1;40.410034722621276;-3.711938408934679;catolicas;POINT (4498424.488260705 -413500.4498761344);9;Alonso Martínez;2;8;Plaza de Alonso Martínez nº 5;1;0;24;8;14;0;Point;[-3.6954403, 40.4278682];-3.6954403;40.4278682;POINT (4500409.701881577 -411660.0450265493);2707.058021334818
903;Capilla de San Isidro;MADRID;CALLE AGUILA 1;40.410034722621276;-3.711938408934679;catolicas;POINT (4498424.488260705 -413500.4498761344);117;Arcipreste de Hita A;1;111a;Calle Arcipreste de Hita nº 12;1;0;24;20;4;0;Point;[-3.7175435, 40.4337322];-3.7175435;40.4337322;POINT (4501062.47937559 -414125.7194619759);2711.080813474321
955;Capilla de San Isidro;MADRID;CALLE AGUILA 1;40.410034722621276;-3.711938408934679;catolicas;POINT (4498424.488260705 -413500.4498761344);169;Manuel Silvela;2;124;Calle Manuel Silvela nº 20;1;0;24;10;13;0;Point;[-3.6993465, 40.4309524];-3.6993465;40.4309524;POINT (4500753.033455082 -412095.7881978624);2719.4111775645565
916;Capilla de San Isidro;MADRID;CALLE AGUILA 1;40.410034722621276;-3.711938408934679;catolicas;POINT (4498424.488260705 -413500.4498761344);130;Santa Engracia 14;2;122;Calle Santa Engracia nº 14;1;0;24;9;14;0;Point;[-3.6967169, 40.4291992];-3.6967169;40.4291992;POINT (4500557.868123823 -411802.4516897136);2726.6293260076664
993;Capilla de San Isidro;MADRID;CALLE AGUILA 1;40.410034722621276;-3.711938408934679;catolicas;POINT (4498424.488260705 -413500.4498761344);207;Fernando el Católico;2;199;Calle Fernando el Católico nº 61;1;0;27;13;13;0;Point;[-3.7149166, 40.4343611];-3.7149166;40.4343611;POINT (4501132.488203349 -413832.6781130448);2728.3033722000446
994;Capilla de San Isidro;MADRID;CALLE AGUILA 1;40.410034722621276;-3.711938408934679;catolicas;POINT (4498424.488260705 -413500.4498761344);208;Quevedo;1;200;Glorieta de Quevedo nº 5;1;0;24;18;5;0;Point;[-3.7046666, 40.4336944];-3.7046666;40.4336944;POINT (4501058.271498838 -412689.2573789555);2755.8750720863586
904;Capilla de San Isidro;MADRID;CALLE AGUILA 1;40.410034722621276;-3.711938408934679;catolicas;POINT (4498424.488260705 -413500.4498761344);118;Arcipreste de Hita B;2;111b;Calle Arcipreste de Hita nº 12;1;0;24;11;13;0;Point;[-3.7179687, 40.4341006];-3.7179687;40.4341006;POINT (4501103.489475997 -414173.1523285306);2762.1687314493756
885;Capilla de San Isidro;MADRID;CALLE AGUILA 1;40.410034722621276;-3.711938408934679;catolicas;POINT (4498424.488260705 -413500.4498761344);99;Biblioteca Nacional;0;94;Paseo de Recoletos nº 20;1;0;21;2;18;0;Point;[-3.690756, 40.4232153];-3.690756;40.4232153;POINT (4499891.743422865 -411137.5060231346);2781.427936027521
802;Capilla de San Isidro;MADRID;CALLE AGUILA 1;40.410034722621276;-3.711938408934679;catolicas;POINT (4498424.488260705 -413500.4498761344);11;Marqués de la Ensenada;0;10;Calle Marqués de la Ensenada nº 16;1;0;24;0;22;0;Point;[-3.69214, 40.42533];-3.69214;40.42533;POINT (4500127.150750047 -411291.8925134216);2788.688791709066
912;Capilla de San Isidro;MADRID;CALLE AGUILA 1;40.410034722621276;-3.711938408934679;catolicas;POINT (4498424.488260705 -413500.4498761344);126;Juan Martín;0;118;Calle Juan Martín el Empecinado nº 16;1;0;24;6;17;0;Point;[-3.6882407, 40.400781];-3.6882407;40.400781;POINT (4497394.368570562 -410856.9225789591);2837.143483669878
852;Capilla de San Isidro;MADRID;CALLE AGUILA 1;40.410034722621276;-3.711938408934679;catolicas;POINT (4498424.488260705 -413500.4498761344);64;Plaza de la Independencia;1;60;Plaza de la Independencia nº 6;1;0;24;19;1;0;Point;[-3.688398, 40.419752];-3.688398;40.419752;POINT (4499506.210630401 -410874.469478817);2840.0521706820678
971;Capilla de San Isidro;MADRID;CALLE AGUILA 1;40.410034722621276;-3.711938408934679;catolicas;POINT (4498424.488260705 -413500.4498761344);185;Legazpi;2;177;Calle Bolívar nº 3;1;0;24;12;12;0;Point;[-3.6941944, 40.3914722];-3.6941944;40.3914722;POINT (4496358.117694666 -411521.0631924721);2861.443509778487
905;Capilla de San Isidro;MADRID;CALLE AGUILA 1;40.410034722621276;-3.711938408934679;catolicas;POINT (4498424.488260705 -413500.4498761344);119;Paseo de Moret;2;112;Paseo de Moret nº 11;1;0;24;13;11;0;Point;[-3.7246532, 40.4325991];-3.7246532;40.4325991;POINT (4500936.343260571 -414918.8397121918);2884.6568716893453
902;Capilla de San Isidro;MADRID;CALLE AGUILA 1;40.410034722621276;-3.711938408934679;catolicas;POINT (4498424.488260705 -413500.4498761344);116;Moncloa;2;110;Paseo de Moret nº 2;1;0;24;13;10;0;Point;[-3.7200845, 40.4347895];-3.7200845;40.4347895;POINT (4501180.177473204 -414409.1791481215);2901.6567553124883
899;Capilla de San Isidro;MADRID;CALLE AGUILA 1;40.410034722621276;-3.711938408934679;catolicas;POINT (4498424.488260705 -413500.4498761344);113;Columela;0;107;Calle Serrano nº 8;1;0;24;2;21;0;Point;[-3.6884369, 40.4215246];-3.6884369;40.4215246;POINT (4499703.535559781 -410878.8087952816);2917.0128470900117
1039;Capilla de San Isidro;MADRID;CALLE AGUILA 1;40.410034722621276;-3.711938408934679;catolicas;POINT (4498424.488260705 -413500.4498761344);253;Galileo;0;245;Calle Galileo nº 63;1;0;24;6;15;0;Point;[-3.71019, 40.4364];-3.71019;40.4364;POINT (4501359.457513127 -413305.4089098364);2941.442756743644
949;Capilla de San Isidro;MADRID;CALLE AGUILA 1;40.410034722621276;-3.711938408934679;catolicas;POINT (4498424.488260705 -413500.4498761344);163;General Álvarez de Castro;1;126;Calle del General Álvarez de Castro nº 1;1;0;24;15;6;0;Point;[-3.7015686, 40.4344731];-3.7015686;40.4344731;POINT (4501144.955986317 -412343.6680423389);2956.194996460334
913;Capilla de San Isidro;MADRID;CALLE AGUILA 1;40.410034722621276;-3.711938408934679;catolicas;POINT (4498424.488260705 -413500.4498761344);127;Méndez Álvaro;2;119;Calle Méndez Álvaro nº 11;1;0;24;15;9;0;Point;[-3.6863218, 40.4013216];-3.6863218;40.4013216;POINT (4497454.547887285 -410642.8684987454);3017.7070196409513
884;Capilla de San Isidro;MADRID;CALLE AGUILA 1;40.410034722621276;-3.711938408934679;catolicas;POINT (4498424.488260705 -413500.4498761344);98;Plaza de Colón;0;93;Calle Goya nº 1;1;0;24;4;17;0;Point;[-3.6893698, 40.4257046];-3.6893698;40.4257046;POINT (4500168.851031297 -410982.874361928);3062.839849740546
886;Capilla de San Isidro;MADRID;CALLE AGUILA 1;40.410034722621276;-3.711938408934679;catolicas;POINT (4498424.488260705 -413500.4498761344);100;Villanueva;2;95;Calle Claudio Coello nº 109;1;0;24;10;13;0;Point;[-3.6870548, 40.4226584];-3.6870548;40.4226584;POINT (4499829.749598443 -410724.6348941579);3111.2550910372597
895;Capilla de San Isidro;MADRID;CALLE AGUILA 1;40.410034722621276;-3.711938408934679;catolicas;POINT (4498424.488260705 -413500.4498761344);109;Castellana;2;104;Paseo de la Castellana nº 4;1;0;21;8;13;0;Point;[-3.68958, 40.42677];-3.68958;40.42677;POINT (4500287.450816788 -411006.322315812);3113.0855710253436
898;Capilla de San Isidro;MADRID;CALLE AGUILA 1;40.410034722621276;-3.711938408934679;catolicas;POINT (4498424.488260705 -413500.4498761344);112;Colón B;2;106b;Calle Serrano nº 34;1;0;18;9;9;0;Point;[-3.687745, 40.424963];-3.687745;40.424963;POINT (4500086.296496924 -410801.6269968595);3169.424482088653
897;Capilla de San Isidro;MADRID;CALLE AGUILA 1;40.410034722621276;-3.711938408934679;catolicas;POINT (4498424.488260705 -413500.4498761344);111;Colón A;2;106a;Calle Serrano nº 34;1;0;18;10;8;0;Point;[-3.6877227, 40.4251002];-3.6877227;40.4251002;POINT (4500101.569531062 -410799.1394214677);3179.572260520729
1040;Capilla de San Isidro;MADRID;CALLE AGUILA 1;40.410034722621276;-3.711938408934679;catolicas;POINT (4498424.488260705 -413500.4498761344);254;Santa Engracia 87;2;246;Calle Santa Engracia nº 87;1;0;24;13;10;0;Point;[-3.69928, 40.43604];-3.69928;40.43604;POINT (4501319.382496442 -412088.3699950963);3220.928783213643
946;Capilla de San Isidro;MADRID;CALLE AGUILA 1;40.410034722621276;-3.711938408934679;catolicas;POINT (4498424.488260705 -413500.4498761344);160;Cea Bermúdez;0;128;Calle Cea Bermúdez nº 59;1;0;27;1;24;0;Point;[-3.7154329, 40.438994];-3.7154329;40.438994;POINT (4501648.220272245 -413890.2734031079);3247.2158019461676
995;Capilla de San Isidro;MADRID;CALLE AGUILA 1;40.410034722621276;-3.711938408934679;catolicas;POINT (4498424.488260705 -413500.4498761344);209;Canal;2;201;Calle José Abascal frente al nº 2;1;0;24;12;11;0;Point;[-3.7038333, 40.4386944];-3.7038333;40.4386944;POINT (4501614.868952803 -412596.3006447438);3316.0239433902925
896;Capilla de San Isidro;MADRID;CALLE AGUILA 1;40.410034722621276;-3.711938408934679;catolicas;POINT (4498424.488260705 -413500.4498761344);110;Serrano;2;105;Calle Serrano nº 54;1;0;24;9;13;0;Point;[-3.68745, 40.42699];-3.68745;40.42699;POINT (4500311.941104763 -410768.7196144414);3320.3657119649174
1029;Capilla de San Isidro;MADRID;CALLE AGUILA 1;40.410034722621276;-3.711938408934679;catolicas;POINT (4498424.488260705 -413500.4498761344);243;Embajadores 191;0;235;Calle Sodio nº 1B;1;0;24;6;15;0;Point;[-3.6903589643353483, 40.389258643579105];-3.6903589643353483;40.389258643579105;POINT (4496111.70572105 -411093.2163689993);3338.223514627044
893;Capilla de San Isidro;MADRID;CALLE AGUILA 1;40.410034722621276;-3.711938408934679;catolicas;POINT (4498424.488260705 -413500.4498761344);107;Velázquez;1;102;Calle Alcalá nº 95;1;0;24;22;2;0;Point;[-3.6840229, 40.4211802];-3.6840229;40.4211802;POINT (4499665.197127152 -410386.4258711423);3352.089496858302
883;Capilla de San Isidro;MADRID;CALLE AGUILA 1;40.410034722621276;-3.711938408934679;catolicas;POINT (4498424.488260705 -413500.4498761344);97;Claudio Coello;0;92;Calle Claudio Coello nº 45;1;0;24;5;16;0;Point;[-3.6865463, 40.4262945];-3.6865463;40.4262945;POINT (4500234.518398915 -410667.9115417489);3361.470290958051
950;Capilla de San Isidro;MADRID;CALLE AGUILA 1;40.410034722621276;-3.711938408934679;catolicas;POINT (4498424.488260705 -413500.4498761344);164;General Martínez Campos ;0;125;Calle Fernández de la Hoz nº 29;1;0;24;0;20;0;Point;[-3.6948626, 40.435285];-3.6948626;40.435285;POINT (4501235.336280893 -411595.6017840897);3395.4841843776535
1038;Capilla de San Isidro;MADRID;CALLE AGUILA 1;40.410034722621276;-3.711938408934679;catolicas;POINT (4498424.488260705 -413500.4498761344);252;Hospital Clínico;0;244;Calle Isaac Peral nº 44;1;0;24;6;18;0;Point;[-3.71757, 40.44003];-3.71757;40.44003;POINT (4501763.547264707 -414128.6756488975);3397.6436914091314
992;Capilla de San Isidro;MADRID;CALLE AGUILA 1;40.410034722621276;-3.711938408934679;catolicas;POINT (4498424.488260705 -413500.4498761344);206;Rubén Darío;2;198;Glorieta Rubén Darío 2;1;0;24;9;14;0;Point;[-3.6915555, 40.4331111];-3.6915555;40.4331111;POINT (4500993.338839858 -411226.6909641499);3430.593664053311
996;Capilla de San Isidro;MADRID;CALLE AGUILA 1;40.410034722621276;-3.711938408934679;catolicas;POINT (4498424.488260705 -413500.4498761344);210;Parque Santander;2;202;Calle Santander esquina con Avenida de Filipinas;1;0;24;15;7;0;Point;[-3.7080833, 40.4411388];-3.7080833;40.4411388;POINT (4501886.978316098 -413070.3998686467);3489.0944946550394
947;Capilla de San Isidro;MADRID;CALLE AGUILA 1;40.410034722621276;-3.711938408934679;catolicas;POINT (4498424.488260705 -413500.4498761344);161;José Abascal;2;129;Calle José Abascal nº 33;1;0;24;11;13;0;Point;[-3.6982353, 40.4383865];-3.6982353;40.4383865;POINT (4501580.593681588 -411971.8317759682);3506.8040612331934
997;Capilla de San Isidro;MADRID;CALLE AGUILA 1;40.410034722621276;-3.711938408934679;catolicas;POINT (4498424.488260705 -413500.4498761344);211;San Francisco de Sales;0;203;Calle General Ampudia nº 2;1;0;24;4;19;0;Point;[-3.7144722, 40.44175];-3.7144722;40.44175;POINT (4501955.016788872 -413783.1035769779);3541.825066657177
881;Capilla de San Isidro;MADRID;CALLE AGUILA 1;40.410034722621276;-3.711938408934679;catolicas;POINT (4498424.488260705 -413500.4498761344);95;General Pardiñas;2;90;Calle Goya nº 18;1;0;30;11;14;0;Point;[-3.6837876, 40.4250361];-3.6837876;40.4250361;POINT (4500094.433951701 -410360.17815948);3556.687372442997
869;Capilla de San Isidro;MADRID;CALLE AGUILA 1;40.410034722621276;-3.711938408934679;catolicas;POINT (4498424.488260705 -413500.4498761344);83;Puerta de Granada;1;79;Avenida de Menéndez Pelayo nº 38;1;0;24;19;3;0;Point;[-3.6803874, 40.4051451];-3.6803874;40.4051451;POINT (4497880.177960332 -409980.8866722419);3561.4040558866186
887;Capilla de San Isidro;MADRID;CALLE AGUILA 1;40.410034722621276;-3.711938408934679;catolicas;POINT (4498424.488260705 -413500.4498761344);101;Castelló;2;96;Calle Alcalá nº 111;1;0;27;16;10;0;Point;[-3.6821793, 40.422064];-3.6821793;40.422064;POINT (4499763.581293114 -410180.7725031088);3579.5848935911285
894;Capilla de San Isidro;MADRID;CALLE AGUILA 1;40.410034722621276;-3.711938408934679;catolicas;POINT (4498424.488260705 -413500.4498761344);108;Ortega y Gasset;0;103;Calle José Ortega y Gasset nº 4;1;0;24;5;18;0;Point;[-3.68653, 40.43037];-3.68653;40.43037;POINT (4500688.200983644 -410666.0932715975);3627.3919906290407
942;Capilla de San Isidro;MADRID;CALLE AGUILA 1;40.410034722621276;-3.711938408934679;catolicas;POINT (4498424.488260705 -413500.4498761344);156;Bravo Murillo 44;2;131;Calle Bravo Murillo nº 44;1;0;24;10;14;0;Point;[-3.7040344, 40.4418402];-3.7040344;40.4418402;POINT (4501965.057806942 -412618.7338531604);3648.7060524119406
943;Capilla de San Isidro;MADRID;CALLE AGUILA 1;40.410034722621276;-3.711938408934679;catolicas;POINT (4498424.488260705 -413500.4498761344);157;Santa Engracia 127;2;130;Calle Santa Engracia nº 127;1;0;20;6;12;0;Point;[-3.70164, 40.44156];-3.70164;40.44156;POINT (4501933.866085621 -412351.6328701174);3692.629582197887
953;Capilla de San Isidro;MADRID;CALLE AGUILA 1;40.410034722621276;-3.711938408934679;catolicas;POINT (4498424.488260705 -413500.4498761344);167;Castellana 42;2;142;Paseo de la Castellana nº 42;1;0;24;8;15;0;Point;[-3.6879154, 40.4334087];-3.6879154;40.4334087;POINT (4501026.467520318 -410820.635198324);3735.197822721559
865;Capilla de San Isidro;MADRID;CALLE AGUILA 1;40.410034722621276;-3.711938408934679;catolicas;POINT (4498424.488260705 -413500.4498761344);79;Menéndez Pelayo;0;75;Avenida de Menéndez Pelayo con calle Poeta Esteban Villegas;1;0;24;3;19;0;Point;[-3.6784838, 40.4082805];-3.6784838;40.4082805;POINT (4498229.209091766 -409768.5411851413);3737.0143740332824
878;Capilla de San Isidro;MADRID;CALLE AGUILA 1;40.410034722621276;-3.711938408934679;catolicas;POINT (4498424.488260705 -413500.4498761344);92;Ayala;1;87;Calle Ayala nº 44;1;0;24;19;4;0;Point;[-3.6832566, 40.427736];-3.6832566;40.427736;POINT (4500394.985444895 -410300.9451425157);3757.6175554929814
888;Capilla de San Isidro;MADRID;CALLE AGUILA 1;40.410034722621276;-3.711938408934679;catolicas;POINT (4498424.488260705 -413500.4498761344);102;Alcalá;2;97;Avenida de Menéndez Pelayo nº 3;1;0;27;9;16;0;Point;[-3.6805189, 40.4222969];-3.6805189;40.4222969;POINT (4499789.50760252 -409995.5554384995);3761.324610093352
972;Capilla de San Isidro;MADRID;CALLE AGUILA 1;40.410034722621276;-3.711938408934679;catolicas;POINT (4498424.488260705 -413500.4498761344);186;Junta Municipal Retiro;0;178;Calle León Gil de Palacio nº 3;1;0;24;5;19;0;Point;[-3.6788343, 40.4029202];-3.6788343;40.4029202;POINT (4497632.503225266 -409807.639224837);3776.78312889353
876;Capilla de San Isidro;MADRID;CALLE AGUILA 1;40.410034722621276;-3.711938408934679;catolicas;POINT (4498424.488260705 -413500.4498761344);90;Puerta de Madrid;2;85;Avenida de Menéndez Pelayo esquina calle O'Donnell;1;0;27;10;16;0;Point;[-3.680008, 40.421501];-3.680008;40.421501;POINT (4499700.908419798 -409938.5647838628);3783.685218551616
1050;Capilla de San Isidro;MADRID;CALLE AGUILA 1;40.410034722621276;-3.711938408934679;catolicas;POINT (4498424.488260705 -413500.4498761344);265;INEF;2;257;Avenida Juan de Herrera frente a la calle Paul Guinard;1;0;24;14;9;0;Point;[-3.72997, 40.43896];-3.72997;40.43896;POINT (4501644.435409558 -415511.9577777162);3796.606863968444
951;Capilla de San Isidro;MADRID;CALLE AGUILA 1;40.410034722621276;-3.711938408934679;catolicas;POINT (4498424.488260705 -413500.4498761344);165;Paseo de la Castellana - Glorieta de Emilio Castelar;2;141;Paseo de la Castellana nº 43;1;0;12;4;8;0;Point;[-3.6892368, 40.4355143];-3.6892368;40.4355143;POINT (4501260.861840132 -410968.0381237527);3802.3840371101874
1055;Capilla de San Isidro;MADRID;CALLE AGUILA 1;40.410034722621276;-3.711938408934679;catolicas;POINT (4498424.488260705 -413500.4498761344);270;Zurbano;0;247;Calle Zurbano nº 90;1;0;24;6;15;0;Point;[-3.69281, 40.43837];-3.69281;40.43837;POINT (4501578.756909991 -411366.6317244973);3808.226702301523
860;Capilla de San Isidro;MADRID;CALLE AGUILA 1;40.410034722621276;-3.711938408934679;catolicas;POINT (4498424.488260705 -413500.4498761344);74;Puerta del Doce de Octubre;2;70;Avenida de Menéndez Pelayo nº 63;1;0;24;9;14;0;Point;[-3.6779232, 40.4153053];-3.6779232;40.4153053;POINT (4499011.206250691 -409706.0066634591);3839.5360779644925
879;Capilla de San Isidro;MADRID;CALLE AGUILA 1;40.410034722621276;-3.711938408934679;catolicas;POINT (4498424.488260705 -413500.4498761344);93;Embajada de Italia;2;88;Calle Velázquez nº 75;1;0;24;9;10;0;Point;[-3.6838303, 40.4313576];-3.6838303;40.4313576;POINT (4500798.140112751 -410364.9413433581);3932.6373941459224
864;Capilla de San Isidro;MADRID;CALLE AGUILA 1;40.410034722621276;-3.711938408934679;catolicas;POINT (4498424.488260705 -413500.4498761344);78;Puerta del Pacífico ;1;74;Avenida de Menéndez Pelayo nº 73;1;0;24;21;1;0;Point;[-3.6766813, 40.4117627];-3.6766813;40.4117627;POINT (4498616.845822606 -409567.4737630706);3937.6773023638025
975;Capilla de San Isidro;MADRID;CALLE AGUILA 1;40.410034722621276;-3.711938408934679;catolicas;POINT (4498424.488260705 -413500.4498761344);189;Retiro-Ibiza;1;181;Calle Ibiza nº 18;1;0;27;18;6;0;Point;[-3.6766111, 40.41825];-3.6766111;40.41825;POINT (4499339.008755229 -409559.6430178803);4045.5291902256654
901;Capilla de San Isidro;MADRID;CALLE AGUILA 1;40.410034722621276;-3.711938408934679;catolicas;POINT (4498424.488260705 -413500.4498761344);115;Marqués de Salamanca;3;109;Calle José Ortega y Gasset nº 30;1;1;24;0;0;0;Point;[-3.6816402, 40.4300481];-3.6816402;40.4300481;POINT (4500652.367239557 -410120.636040573);4048.0348698429025
1049;Capilla de San Isidro;MADRID;CALLE AGUILA 1;40.410034722621276;-3.711938408934679;catolicas;POINT (4498424.488260705 -413500.4498761344);264;Reina Victoria;0;256;Calle Beatriz de Bobadilla frente al nº 2;1;0;24;1;21;0;Point;[-3.71383, 40.44635];-3.71383;40.44635;POINT (4502467.086446521 -413711.4637311997);4048.101646326476
945;Capilla de San Isidro;MADRID;CALLE AGUILA 1;40.410034722621276;-3.711938408934679;catolicas;POINT (4498424.488260705 -413500.4498761344);159;José Gutiérrez Abascal ;2;139;Calle José Gutiérrez Abascal nº 2;1;0;24;12;8;0;Point;[-3.6907784, 40.4396792];-3.6907784;40.4396792;POINT (4501724.496387337 -411140.0047621027);4057.3088090747124
1052;Capilla de San Isidro;MADRID;CALLE AGUILA 1;40.410034722621276;-3.711938408934679;catolicas;POINT (4498424.488260705 -413500.4498761344);267;Ciudad Universitaria 2;2;259;Avenida de la Complutense (Metro Ciudad Universitaria);1;0;24;12;12;0;Point;[-3.72693, 40.44342];-3.72693;40.44342;POINT (4502140.920338497 -415172.8287427764);4075.379548266467
1051;Capilla de San Isidro;MADRID;CALLE AGUILA 1;40.410034722621276;-3.711938408934679;catolicas;POINT (4498424.488260705 -413500.4498761344);266;Ciudad Universitaria 1;0;258;Avenida de la Complutense (Metro Ciudad Universitaria);1;0;24;0;24;0;Point;[-3.72699, 40.44375];-3.72699;40.44375;POINT (4502177.655770458 -415179.5220676512);4111.635900781163
944;Capilla de San Isidro;MADRID;CALLE AGUILA 1;40.410034722621276;-3.711938408934679;catolicas;POINT (4498424.488260705 -413500.4498761344);158;Plaza de San Juan de la Cruz;2;135;Plaza de San Juan de la Cruz nº 11;1;0;24;11;13;0;Point;[-3.6927821, 40.4415974];-3.6927821;40.4415974;POINT (4501938.029434577 -411363.5194487612);4112.352517954234
882;Capilla de San Isidro;MADRID;CALLE AGUILA 1;40.410034722621276;-3.711938408934679;catolicas;POINT (4498424.488260705 -413500.4498761344);96;Príncipe de Vergara;2;91;Calle Hermosilla nº 70;1;0;24;13;10;0;Point;[-3.6787441, 40.426134];-3.6787441;40.426134;POINT (4500216.651620643 -409797.5774739215);4113.771206055908
866;Capilla de San Isidro;MADRID;CALLE AGUILA 1;40.410034722621276;-3.711938408934679;catolicas;POINT (4498424.488260705 -413500.4498761344);80;Puerta de Mariano de Cavia;2;76;Avenida del Mediterráneo nº 19;1;0;24;8;15;0;Point;[-3.6751352, 40.4071304];-3.6751352;40.4071304;POINT (4498101.180545405 -409395.0078781829);4118.152726322461
935;Capilla de San Isidro;MADRID;CALLE AGUILA 1;40.410034722621276;-3.711938408934679;catolicas;POINT (4498424.488260705 -413500.4498761344);149;Glorieta de los Cuatro Caminos;0;132;Calle Santa Engracia nº 168;1;0;24;3;17;0;Point;[-3.7036675, 40.4463667];-3.7036675;40.4463667;POINT (4502468.945482017 -412577.8052435284);4148.362006032677
984;Capilla de San Isidro;MADRID;CALLE AGUILA 1;40.410034722621276;-3.711938408934679;catolicas;POINT (4498424.488260705 -413500.4498761344);198;Velázquez-Diego de León;2;190;Calle Velázquez nº 91;1;0;24;16;7;0;Point;[-3.6835833, 40.4343333];-3.6835833;40.4343333;POINT (4501129.393521504 -410337.3885030076);4161.906981188677
874;Capilla de San Isidro;MADRID;CALLE AGUILA 1;40.410034722621276;-3.711938408934679;catolicas;POINT (4498424.488260705 -413500.4498761344);88;Pío Baroja;1;83;Calle Pío Baroja nº 10;1;0;24;20;4;0;Point;[-3.6745323, 40.4132995];-3.6745323;40.4132995;POINT (4498787.921616057 -409327.7550764651);4188.492055020428
939;Capilla de San Isidro;MADRID;CALLE AGUILA 1;40.410034722621276;-3.711938408934679;catolicas;POINT (4498424.488260705 -413500.4498761344);153;Agustín de Betancourt;0;134;Calle María de Guzmán nº 58;1;0;24;5;18;0;Point;[-3.6956047, 40.4440297];-3.6956047;40.4440297;POINT (4502208.791832034 -411678.384084004);4200.104435704123
998;Capilla de San Isidro;MADRID;CALLE AGUILA 1;40.410034722621276;-3.711938408934679;catolicas;POINT (4498424.488260705 -413500.4498761344);212;Cuatro Caminos 2;0;204;Calle Doctor Santero nº 1;1;0;24;2;20;0;Point;[-3.7041666, 40.4476666];-3.7041666;40.4476666;POINT (4502613.649688099 -412633.4810968745);4277.9327167422225
853;Capilla de San Isidro;MADRID;CALLE AGUILA 1;40.410034722621276;-3.711938408934679;catolicas;POINT (4498424.488260705 -413500.4498761344);65;Narváez;1;61;Calle O'Donnell nº 28;1;0;24;17;7;0;Point;[-3.6752045, 40.4213983];-3.6752045;40.4213983;POINT (4499689.475908094 -409402.7382164064);4288.523591437669
861;Capilla de San Isidro;MADRID;CALLE AGUILA 1;40.410034722621276;-3.711938408934679;catolicas;POINT (4498424.488260705 -413500.4498761344);75;Doce de Octubre;2;71;Calle Doce de Octubre nº 28;1;0;24;16;7;0;Point;[-3.6738865, 40.4159569];-3.6738865;40.4159569;POINT (4499083.742030892 -409255.7168794902);4295.622626151525
980;Capilla de San Isidro;MADRID;CALLE AGUILA 1;40.410034722621276;-3.711938408934679;catolicas;POINT (4498424.488260705 -413500.4498761344);194;General Pardiñas;0;186;Calle General Pardiñas nº 56;1;0;24;5;18;0;Point;[-3.6782777, 40.4290555];-3.6782777;40.4290555;POINT (4500541.871512996 -409745.550875684);4310.751482127654
868;Capilla de San Isidro;MADRID;CALLE AGUILA 1;40.410034722621276;-3.711938408934679;catolicas;POINT (4498424.488260705 -413500.4498761344);82;Pedro Bosch;0;78;Calle Cerro de la Plata nº 2;1;0;24;5;17;0;Point;[-3.6744, 40.400789];-3.6744;40.400789;POINT (4497395.259126488 -409312.9971696784);4312.084505146688
889;Capilla de San Isidro;MADRID;CALLE AGUILA 1;40.410034722621276;-3.711938408934679;catolicas;POINT (4498424.488260705 -413500.4498761344);103;Plaza de Felipe II;2;98;Plaza de Felipe II;1;0;24;8;13;0;Point;[-3.6758383, 40.4239447];-3.6758383;40.4239447;POINT (4499972.93985945 -409473.4379320957);4314.455649451691
936;Capilla de San Isidro;MADRID;CALLE AGUILA 1;40.410034722621276;-3.711938408934679;catolicas;POINT (4498424.488260705 -413500.4498761344);150;Raimundo Fernández;2;133;Calle Raimundo Fernández Villaverde nº 33;1;0;24;9;14;0;Point;[-3.7001669, 40.447125];-3.7001669;40.447125;POINT (4502553.359051885 -412187.3054398999);4332.65765098901
974;Capilla de San Isidro;MADRID;CALLE AGUILA 1;40.410034722621276;-3.711938408934679;catolicas;POINT (4498424.488260705 -413500.4498761344);188;Méndez Álvaro;2;180;Calle Retama nº 5;1;0;24;8;14;0;Point;[-3.6758888, 40.3941388];-3.6758888;40.3941388;POINT (4496654.962248815 -409479.0711555289);4393.484849330137
875;Capilla de San Isidro;MADRID;CALLE AGUILA 1;40.410034722621276;-3.711938408934679;catolicas;POINT (4498424.488260705 -413500.4498761344);89;Valderribas;2;84;Calle Doctor Esquerdo nº 191;1;0;24;10;14;0;Point;[-3.6726019, 40.4032501];-3.6726019;40.4032501;POINT (4497669.227525279 -409112.4214819339);4452.55117508902
1043;Capilla de San Isidro;MADRID;CALLE AGUILA 1;40.410034722621276;-3.711938408934679;catolicas;POINT (4498424.488260705 -413500.4498761344);258;Serrano 113;2;250;Calle Serrano nº 113B;1;0;24;16;7;0;Point;[-3.68609, 40.44106];-3.68609;40.44106;POINT (4501878.206340224 -410617.0111451639);4499.154085832205
948;Capilla de San Isidro;MADRID;CALLE AGUILA 1;40.410034722621276;-3.711938408934679;catolicas;POINT (4498424.488260705 -413500.4498761344);162;Velázquez 130;2;140;Calle Velázquez nº 130;1;0;27;17;10;0;Point;[-3.6831578, 40.4385127];-3.6831578;40.4385127;POINT (4501594.642201326 -410289.9240125618);4511.9122695263495
880;Capilla de San Isidro;MADRID;CALLE AGUILA 1;40.410034722621276;-3.711938408934679;catolicas;POINT (4498424.488260705 -413500.4498761344);94;Conde Peñalver;1;89;Calle Ayala nº 102;1;0;24;19;4;0;Point;[-3.6752024, 40.4272582];-3.6752024;40.4272582;POINT (4500341.796992193 -409402.503963725);4524.293698785794
891;Capilla de San Isidro;MADRID;CALLE AGUILA 1;40.410034722621276;-3.711938408934679;catolicas;POINT (4498424.488260705 -413500.4498761344);105;Palacio de Deportes;2;100;Calle Goya nº 99;1;0;24;9;13;0;Point;[-3.67384, 40.42478];-3.67384;40.42478;POINT (4500065.925030109 -409250.5298636022);4555.890119490833
940;Capilla de San Isidro;MADRID;CALLE AGUILA 1;40.410034722621276;-3.711938408934679;catolicas;POINT (4498424.488260705 -413500.4498761344);154;Paseo de la Castellana con Raimundo Fernández;2;138;Paseo de la Castellana esquina calle Raimundo Fernández Villaverde;1;0;24;12;10;0;Point;[-3.6917932, 40.4457414];-3.6917932;40.4457414;POINT (4502399.337404424 -411253.2066275122);4566.1283308514185
854;Capilla de San Isidro;MADRID;CALLE AGUILA 1;40.410034722621276;-3.711938408934679;catolicas;POINT (4498424.488260705 -413500.4498761344);66;O'Donnell;0;62;Calle O'Donnell nº 50;1;0;24;7;16;0;Point;[-3.6724968, 40.4213148];-3.6724968;40.4213148;POINT (4499680.180730613 -409100.6977278018);4575.4324982170565
937;Capilla de San Isidro;MADRID;CALLE AGUILA 1;40.410034722621276;-3.711938408934679;catolicas;POINT (4498424.488260705 -413500.4498761344);151;Castellana 106;1;136;Paseo de la Castellana nº 106;1;0;24;19;3;0;Point;[-3.690861, 40.4453307];-3.690861;40.4453307;POINT (4502353.618489555 -411149.2188625906);4578.90288544251
1053;Capilla de San Isidro;MADRID;CALLE AGUILA 1;40.410034722621276;-3.711938408934679;catolicas;POINT (4498424.488260705 -413500.4498761344);268;Facultad Biología;2;260;Calle José Antonio Novais frente al nº 12;1;0;24;9;14;0;Point;[-3.7272945, 40.4483322];-3.7272945;40.4483322;POINT (4502687.743941171 -415213.4906984274);4594.546534302226
1031;Capilla de San Isidro;MADRID;CALLE AGUILA 1;40.410034722621276;-3.711938408934679;catolicas;POINT (4498424.488260705 -413500.4498761344);245;Pablo Iglesias;0;237;Calle Francisco Balseiro nº 1;1;0;24;3;15;0;Point;[-3.710525, 40.451333];-3.710525;40.451333;POINT (4503021.791469144 -413342.7792699079);4600.006175038073
890;Capilla de San Isidro;MADRID;CALLE AGUILA 1;40.410034722621276;-3.711938408934679;catolicas;POINT (4498424.488260705 -413500.4498761344);104;Alcántara;1;99;Calle Alcántara nº 2;1;0;24;18;5;0;Point;[-3.6738714, 40.4261851];-3.6738714;40.4261851;POINT (4500222.340046623 -409254.0324936567);4611.32645020239
952;Capilla de San Isidro;MADRID;CALLE AGUILA 1;40.410034722621276;-3.711938408934679;catolicas;POINT (4498424.488260705 -413500.4498761344);166;Diego de León 52;2;143;Calle Diego de León nº 52;1;0;24;13;10;0;Point;[-3.678492, 40.4345973];-3.678492;40.4345973;POINT (4501158.781867075 -409769.4558894613);4625.65429473768
867;Capilla de San Isidro;MADRID;CALLE AGUILA 1;40.410034722621276;-3.711938408934679;catolicas;POINT (4498424.488260705 -413500.4498761344);81;Conde de Casal;0;77;Plaza del Conde de Casal nº 8;1;0;22;5;15;0;Point;[-3.670422, 40.40635];-3.670422;40.40635;POINT (4498014.30681479 -408869.2570486475);4649.322082189964
855;Capilla de San Isidro;MADRID;CALLE AGUILA 1;40.410034722621276;-3.711938408934679;catolicas;POINT (4498424.488260705 -413500.4498761344);67;Ibiza;2;63;Calle Ibiza nº 62;1;0;24;9;13;0;Point;[-3.6708959, 40.4179237];-3.6708959;40.4179237;POINT (4499302.685205384 -408922.1198014586);4661.7953779981135
931;Capilla de San Isidro;MADRID;CALLE AGUILA 1;40.410034722621276;-3.711938408934679;catolicas;POINT (4498424.488260705 -413500.4498761344);145;Orense 12;2;151;Calle Orense nº 12;1;0;24;13;8;0;Point;[-3.6952943, 40.4489101];-3.6952943;40.4489101;POINT (4502752.0754749 -411643.7585185199);4709.06719997772
873;Capilla de San Isidro;MADRID;CALLE AGUILA 1;40.410034722621276;-3.711938408934679;catolicas;POINT (4498424.488260705 -413500.4498761344);87;Niño Jesús;2;82;Calle Doctor Esquerdo nº 161;1;0;24;9;14;0;Point;[-3.6697526, 40.4084556];-3.6697526;40.4084556;POINT (4498248.701134604 -408794.5866454298);4709.145342819697
956;Capilla de San Isidro;MADRID;CALLE AGUILA 1;40.410034722621276;-3.711938408934679;catolicas;POINT (4498424.488260705 -413500.4498761344);170;Juan Bravo 50;0;144;Calle Juan Bravo nº 50;1;0;24;6;18;0;Point;[-3.6758555, 40.4323655];-3.6758555;40.4323655;POINT (4500910.339027523 -409475.3565744966);4730.83820498855
863;Capilla de San Isidro;MADRID;CALLE AGUILA 1;40.410034722621276;-3.711938408934679;catolicas;POINT (4498424.488260705 -413500.4498761344);77;Plaza de los Astros;2;73;Avenida de Nazaret nº 7;1;0;24;11;12;0;Point;[-3.6689089, 40.4114475];-3.6689089;40.4114475;POINT (4498581.757919108 -408700.4734607235);4802.552168790621
862;Capilla de San Isidro;MADRID;CALLE AGUILA 1;40.410034722621276;-3.711938408934679;catolicas;POINT (4498424.488260705 -413500.4498761344);76;Sainz de Baranda;2;72;Calle Doctor Esquerdo nº 99;1;0;24;11;12;0;Point;[-3.6691838, 40.4157413];-3.6691838;40.4157413;POINT (4499059.741548677 -408731.1380408349);4811.432439742541
988;Capilla de San Isidro;MADRID;CALLE AGUILA 1;40.410034722621276;-3.711938408934679;catolicas;POINT (4498424.488260705 -413500.4498761344);202;Avenida de América 2;0;194;Calle Francisco Silvela nº 86;1;0;24;5;17;0;Point;[-3.6772222, 40.43725];-3.6772222;40.43725;POINT (4501454.079080301 -409627.8106793762);4916.884672478086
938;Capilla de San Isidro;MADRID;CALLE AGUILA 1;40.410034722621276;-3.711938408934679;catolicas;POINT (4498424.488260705 -413500.4498761344);152;Plaza de la República Argentina;2;137;Plaza de la República Argentina nº 6;1;0;24;12;11;0;Point;[-3.6853312, 40.445411];-3.6853312;40.445411;POINT (4502362.557444666 -410532.3668441691);4931.31886844687
999;Capilla de San Isidro;MADRID;CALLE AGUILA 1;40.410034722621276;-3.711938408934679;catolicas;POINT (4498424.488260705 -413500.4498761344);213;Estrecho;0;205;Calle Navarra nº 1;1;0;24;5;18;0;Point;[-3.7032777, 40.4535];-3.7032777;40.4535;POINT (4503263.020805692 -412534.3221003983);4934.045000600402
933;Capilla de San Isidro;MADRID;CALLE AGUILA 1;40.410034722621276;-3.711938408934679;catolicas;POINT (4498424.488260705 -413500.4498761344);147;Castellana frente a Hermanos Pinzón;2;150;Paseo de la Castellana nº 122;1;0;24;13;7;0;Point;[-3.6905604, 40.4488924];-3.6905604;40.4488924;POINT (4502750.105119913 -411115.6866801831);4939.438906741039
973;Capilla de San Isidro;MADRID;CALLE AGUILA 1;40.410034722621276;-3.711938408934679;catolicas;POINT (4498424.488260705 -413500.4498761344);187;Puente de Vallecas;2;179;Avenida de la Albufera nº 6;1;0;24;10;12;0;Point;[-3.66925, 40.3979722];-3.66925;40.3979722;POINT (4497081.694384822 -408738.5225282516);4947.630489398349
928;Capilla de San Isidro;MADRID;CALLE AGUILA 1;40.410034722621276;-3.711938408934679;catolicas;POINT (4498424.488260705 -413500.4498761344);142;General Perón 1;0;152;Avenida del General Perón frente al nº 4;1;0;24;7;16;0;Point;[-3.6990077, 40.4527164];-3.6990077;40.4527164;POINT (4503175.790852707 -412057.9944127315);4965.435941049329
1054;Capilla de San Isidro;MADRID;CALLE AGUILA 1;40.410034722621276;-3.711938408934679;catolicas;POINT (4498424.488260705 -413500.4498761344);269;Facultad Derecho;0;261;Avenida Complutense nº 23;1;0;24;5;18;0;Point;[-3.72937, 40.45109];-3.72937;40.45109;POINT (4502994.74083288 -415445.0243226733);4966.747260693382
892;Capilla de San Isidro;MADRID;CALLE AGUILA 1;40.410034722621276;-3.711938408934679;catolicas;POINT (4498424.488260705 -413500.4498761344);106;Jorge Juan;2;101;Calle Jorge Juan nº 131;1;0;24;8;16;0;Point;[-3.6691524, 40.4231526];-3.6691524;40.4231526;POINT (4499884.763690793 -408727.6354291694);4991.2084786027835
900;Capilla de San Isidro;MADRID;CALLE AGUILA 1;40.410034722621276;-3.711938408934679;catolicas;POINT (4498424.488260705 -413500.4498761344);114;Mártires Concepcionistas;0;108;Calle Mártires Concepcionistas nº 2;1;0;27;8;18;0;Point;[-3.6706024, 40.4273005];-3.6706024;40.4273005;POINT (4500346.505806655 -408889.3803637784);4995.6094217540185
985;Capilla de San Isidro;MADRID;CALLE AGUILA 1;40.410034722621276;-3.711938408934679;catolicas;POINT (4498424.488260705 -413500.4498761344);199;Diego de león;2;191;Calle Alonso Heredia nº 1;1;0;18;5;11;0;Point;[-3.674, 40.4346388];-3.674;40.4346388;POINT (4501163.401625942 -409268.3776613389);5041.039739331542
957;Capilla de San Isidro;MADRID;CALLE AGUILA 1;40.410034722621276;-3.711938408934679;catolicas;POINT (4498424.488260705 -413500.4498761344);171;Ortega y Gasset 87;2;145;Calle Ortega y Gasset nº 87;1;0;24;16;7;0;Point;[-3.6712823, 40.429887];-3.6712823;40.429887;POINT (4500634.433669591 -408965.2220963005);5045.012361256875
977;Capilla de San Isidro;MADRID;CALLE AGUILA 1;40.410034722621276;-3.711938408934679;catolicas;POINT (4498424.488260705 -413500.4498761344);191;Doctor Esquerdo-Hermosilla;0;183;Calle Hermosilla nº 135;1;0;24;2;21;0;Point;[-3.669339, 40.425635];-3.669339;40.425635;POINT (4500161.103194738 -408748.4503143113);5059.380521830027
986;Capilla de San Isidro;MADRID;CALLE AGUILA 1;40.410034722621276;-3.711938408934679;catolicas;POINT (4498424.488260705 -413500.4498761344);200;Avenida de los Toreros;2;192;Avenida de los Toreros nº 3;1;0;27;17;9;0;Point;[-3.6714166, 40.4318611];-3.6714166;40.4318611;POINT (4500854.189476366 -408980.2030483828);5131.868994935796
929;Capilla de San Isidro;MADRID;CALLE AGUILA 1;40.410034722621276;-3.711938408934679;catolicas;POINT (4498424.488260705 -413500.4498761344);143;General Perón con Poeta Joan Maragall;1;153;Avenida del General Perón frente al nº 36;1;0;24;18;5;0;Point;[-3.693085, 40.4522454];-3.693085;40.4522454;POINT (4503123.359372543 -411397.3082826828);5148.067043830456
932;Capilla de San Isidro;MADRID;CALLE AGUILA 1;40.410034722621276;-3.711938408934679;catolicas;POINT (4498424.488260705 -413500.4498761344);146;Paseo de la Habana 42;2;149;Paseo de la Habana nº 42;1;0;24;10;14;0;Point;[-3.6881689, 40.4498613];-3.6881689;40.4498613;POINT (4502857.962574543 -410848.9132512583);5165.8823994082495
989;Capilla de San Isidro;MADRID;CALLE AGUILA 1;40.410034722621276;-3.711938408934679;catolicas;POINT (4498424.488260705 -413500.4498761344);203;Avenida de América 1;0;195;Calle Padre Indalecio Hernández nº 1;1;0;24;2;22;0;Point;[-3.6754444, 40.4392222];-3.6754444;40.4392222;POINT (4501673.623380044 -409429.4988002647);5208.6007416435195
1033;Capilla de San Isidro;MADRID;CALLE AGUILA 1;40.410034722621276;-3.711938408934679;catolicas;POINT (4498424.488260705 -413500.4498761344);247;Francos Rodríguez;0;239;Calle Francos Rodríguez nº 62;1;0;24;2;20;1;Point;[-3.708002730875242, 40.45673408797698];-3.708002730875242;40.45673408797698;POINT (4503623.037832471 -413061.4121393402);5217.055854064968
976;Capilla de San Isidro;MADRID;CALLE AGUILA 1;40.410034722621276;-3.711938408934679;catolicas;POINT (4498424.488260705 -413500.4498761344);190;Parque Roma;0;182;Calle Alcalde Sáinz de Baranda frente al nº 107;1;0;24;5;15;0;Point;[-3.6657777, 40.4186666];-3.6657777;40.4186666;POINT (4499385.384455094 -408351.1946310046);5238.143857884041
941;Capilla de San Isidro;MADRID;CALLE AGUILA 1;40.410034722621276;-3.711938408934679;catolicas;POINT (4498424.488260705 -413500.4498761344);155;María Francisca 1;0;146;Calle María Francisca nº 1;1;0;18;2;15;0;Point;[-3.6787169, 40.4442258];-3.6787169;40.4442258;POINT (4502230.621584177 -409794.5433319399);5312.287096001832
927;Capilla de San Isidro;MADRID;CALLE AGUILA 1;40.410034722621276;-3.711938408934679;catolicas;POINT (4498424.488260705 -413500.4498761344);141;Orense 36;2;154;Calle Orense nº 36;1;0;24;11;13;0;Point;[-3.6946218, 40.4548456];-3.6946218;40.4548456;POINT (4503412.812312503 -411568.7402199105);5349.2877134903165
925;Capilla de San Isidro;MADRID;CALLE AGUILA 1;40.410034722621276;-3.711938408934679;catolicas;POINT (4498424.488260705 -413500.4498761344);139;San Germán 57;2;155;Calle San Germán nº 57;1;0;24;13;11;0;Point;[-3.7009675, 40.4572824];-3.7009675;40.4572824;POINT (4503684.075647669 -412276.6140344901);5400.095707337316
1037;Capilla de San Isidro;MADRID;CALLE AGUILA 1;40.410034722621276;-3.711938408934679;catolicas;POINT (4498424.488260705 -413500.4498761344);251;Cartagena;2;243;Calle Cartagena nº 34;1;0;24;7;14;1;Point;[-3.67012, 40.43503];-3.67012;40.43503;POINT (4501206.94981074 -408835.569468114);5431.684959435094
1022;Capilla de San Isidro;MADRID;CALLE AGUILA 1;40.410034722621276;-3.711938408934679;catolicas;POINT (4498424.488260705 -413500.4498761344);236;Concordia;0;227;Calle Arroyo del Olivar nº 6;1;0;24;6;16;0;Point;[-3.6659362429356372, 40.39382977920336];-3.6659362429356372;40.39382977920336;POINT (4496620.562211088 -408368.8797354235);5439.408175667871
978;Capilla de San Isidro;MADRID;CALLE AGUILA 1;40.410034722621276;-3.711938408934679;catolicas;POINT (4498424.488260705 -413500.4498761344);192;Marqués de Zafra;2;184;Paseo Marqués de Zafra nº 24;1;0;24;7;15;0;Point;[-3.6653055, 40.426];-3.6653055;40.426;POINT (4500201.734808877 -408298.5218119443);5497.150250629684
1032;Capilla de San Isidro;MADRID;CALLE AGUILA 1;40.410034722621276;-3.711938408934679;catolicas;POINT (4498424.488260705 -413500.4498761344);246;San Germán 5;2;238;Calle San Germán nº 5;1;0;24;12;11;0;Point;[-3.6929376751795306, 40.45619382579544];-3.6929376751795306;40.45619382579544;POINT (4503562.896121526 -411380.8740326743);5558.402387406637
934;Capilla de San Isidro;MADRID;CALLE AGUILA 1;40.410034722621276;-3.711938408934679;catolicas;POINT (4498424.488260705 -413500.4498761344);148;Doctor Arce 45;2;147;Avenida del Doctor Arce nº 45;1;0;24;9;15;0;Point;[-3.6797296, 40.4483269];-3.6797296;40.4483269;POINT (4502687.153947869 -409907.509408599);5574.902686485329
990;Capilla de San Isidro;MADRID;CALLE AGUILA 1;40.410034722621276;-3.711938408934679;catolicas;POINT (4498424.488260705 -413500.4498761344);204;Prosperidad;2;196;Calle Suero de Quiñones nº 2;1;0;24;10;10;0;Point;[-3.6751388, 40.4441388];-3.6751388;40.4441388;POINT (4502220.936788478 -409395.4094541799);5591.455829201348
930;Capilla de San Isidro;MADRID;CALLE AGUILA 1;40.410034722621276;-3.711938408934679;catolicas;POINT (4498424.488260705 -413500.4498761344);144;Serrano 210;2;148;Calle Serrano nº 210;1;0;24;9;15;0;Point;[-3.6817962, 40.4510188];-3.6817962;40.4510188;POINT (4502986.814885137 -410138.0377956034);5667.50732044506
1046;Capilla de San Isidro;MADRID;CALLE AGUILA 1;40.410034722621276;-3.711938408934679;catolicas;POINT (4498424.488260705 -413500.4498761344);261;Doctor Fleming;2;253;Calle Doctor Fleming nº 7;1;0;21;11;9;0;Point;[-3.68844, 40.45546];-3.68844;40.45546;POINT (4503481.207007647 -410879.1546019998);5695.752224235139
987;Capilla de San Isidro;MADRID;CALLE AGUILA 1;40.410034722621276;-3.711938408934679;catolicas;POINT (4498424.488260705 -413500.4498761344);201;Ventas;0;193;Avenida de los Toreros nº 49;1;0;27;7;17;0;Point;[-3.6655555, 40.4324722];-3.6655555;40.4324722;POINT (4500922.216817189 -408326.4087308961);5745.376377096117
981;Capilla de San Isidro;MADRID;CALLE AGUILA 1;40.410034722621276;-3.711938408934679;catolicas;POINT (4498424.488260705 -413500.4498761344);195;Alcalá-Ventas;2;187;Calle Alejandro González nº 1;1;0;24;9;14;0;Point;[-3.6638888, 40.4301666];-3.6638888;40.4301666;POINT (4500665.558599217 -408140.4923668504);5809.607625604946
1035;Capilla de San Isidro;MADRID;CALLE AGUILA 1;40.410034722621276;-3.711938408934679;catolicas;POINT (4498424.488260705 -413500.4498761344);249;Camilo José Cela;0;241;Avenida de Camilo José Cela nº 23;1;0;24;4;20;0;Point;[-3.66779, 40.4378];-3.66779;40.4378;POINT (4501515.304800238 -408575.6623587617);5814.351122208164
1000;Capilla de San Isidro;MADRID;CALLE AGUILA 1;40.410034722621276;-3.711938408934679;catolicas;POINT (4498424.488260705 -413500.4498761344);214;Metro Tetuán;2;206;Calle Marqués de Viana nº 3;1;0;24;16;7;0;Point;[-3.6989925, 40.4607502];-3.6989925;40.4607502;POINT (4504070.109377841 -412056.2988241261);5827.401655907517
1019;Capilla de San Isidro;MADRID;CALLE AGUILA 1;40.410034722621276;-3.711938408934679;catolicas;POINT (4498424.488260705 -413500.4498761344);233;Doctor Lozano;2;225;Calle Sierra Toledana nº 33;1;0;24;9;13;0;Point;[-3.660188083470652, 40.40248333540473];-3.660188083470652;40.40248333540473;POINT (4497583.871680976 -407727.6876039788);5833.645557019902
1020;Capilla de San Isidro;MADRID;CALLE AGUILA 1;40.410034722621276;-3.711938408934679;catolicas;POINT (4498424.488260705 -413500.4498761344);234;Sierra Toledana;2;226;Camino de Valderribas nº 94;1;0;24;10;14;0;Point;[-3.6607768678037744, 40.39901531507069];-3.6607768678037744;40.39901531507069;POINT (4497197.81342333 -407793.364764792);5837.426798235237
959;Capilla de San Isidro;MADRID;CALLE AGUILA 1;40.410034722621276;-3.711938408934679;catolicas;POINT (4498424.488260705 -413500.4498761344);173;Paseo de la Habana 63;2;159;Paseo de la Habana nº 63;1;0;24;8;15;0;Point;[-3.6835926, 40.4543852];-3.6835926;40.4543852;POINT (4503361.560818942 -410338.4259175063);5862.856041234264
979;Capilla de San Isidro;MADRID;CALLE AGUILA 1;40.410034722621276;-3.711938408934679;catolicas;POINT (4498424.488260705 -413500.4498761344);193;Quinta Fuente del Berro;2;185;Calle Sancho Dávila esquina Paseo Marqués de Zafra;1;0;24;9;13;0;Point;[-3.6615277, 40.4250833];-3.6615277;40.4250833;POINT (4500099.688231667 -407877.1179508124);5867.551182994088
926;Capilla de San Isidro;MADRID;CALLE AGUILA 1;40.410034722621276;-3.711938408934679;catolicas;POINT (4498424.488260705 -413500.4498761344);140;Sor Ángela de la Cruz;2;156;Calle Sor Ángela de la Cruz nº 2;1;0;24;13;11;0;Point;[-3.691533, 40.4592351];-3.691533;40.4592351;POINT (4503901.449217341 -411224.1810679014);5931.14668574705
991;Capilla de San Isidro;MADRID;CALLE AGUILA 1;40.410034722621276;-3.711938408934679;catolicas;POINT (4498424.488260705 -413500.4498761344);205;Parque Berlín;0;197;Avenida de Concha Espina nº 34;1;0;24;7;17;0;Point;[-3.6780555, 40.4515833];-3.6780555;40.4515833;POINT (4503049.65473769 -409720.7646285503);5973.121923301579
923;Capilla de San Isidro;MADRID;CALLE AGUILA 1;40.410034722621276;-3.711938408934679;catolicas;POINT (4498424.488260705 -413500.4498761344);137;Castellana 164;1;157;Paseo de la Castellana nº 164;1;0;24;19;5;0;Point;[-3.6894151, 40.4591366];-3.6894151;40.4591366;POINT (4503890.484247498 -410987.9276074668);6015.802546476243
1012;Capilla de San Isidro;MADRID;CALLE AGUILA 1;40.410034722621276;-3.711938408934679;catolicas;POINT (4498424.488260705 -413500.4498761344);226;Camino Vinateros;0;218;Calle Camino de los Vinateros nº 28;1;0;24;3;20;0;Point;[-3.65779, 40.41053];-3.65779;40.41053;POINT (4498479.622286306 -407460.1888912669);6040.5126045800935
1001;Capilla de San Isidro;MADRID;CALLE AGUILA 1;40.410034722621276;-3.711938408934679;catolicas;POINT (4498424.488260705 -413500.4498761344);215;Remonta;0;207;Calle Azucenas nº 1;1;0;18;2;15;0;Point;[-3.6973333, 40.4630277];-3.6973333;40.4630277;POINT (4504323.639518123 -411871.2121165185);6120.000100919579
924;Capilla de San Isidro;MADRID;CALLE AGUILA 1;40.410034722621276;-3.711938408934679;catolicas;POINT (4498424.488260705 -413500.4498761344);138;Alberto Alcocer;2;158;Avenida de Alberto Alcocer nº 22;1;0;24;10;11;0;Point;[-3.684715, 40.4585318];-3.684715;40.4585318;POINT (4503823.158219466 -410463.6296565536);6194.183914744792
1044;Capilla de San Isidro;MADRID;CALLE AGUILA 1;40.410034722621276;-3.711938408934679;catolicas;POINT (4498424.488260705 -413500.4498761344);259;Corazón de María;0;251;Calle Santa Hortensia nº 31;1;0;24;6;16;0;Point;[-3.66683, 40.44421];-3.66683;40.44421;POINT (4502228.862736222 -408468.5763648925);6308.170589252097
1036;Capilla de San Isidro;MADRID;CALLE AGUILA 1;40.410034722621276;-3.711938408934679;catolicas;POINT (4498424.488260705 -413500.4498761344);250;Avenida Bruselas;0;242;Avenida Bruselas nº 56;1;0;24;5;15;0;Point;[-3.66301, 40.43865];-3.66301;40.43865;POINT (4501609.926367412 -408042.4644864241);6319.542740258501
982;Capilla de San Isidro;MADRID;CALLE AGUILA 1;40.410034722621276;-3.711938408934679;catolicas;POINT (4498424.488260705 -413500.4498761344);196;Puente de Ventas;0;188;Avenida de Daroca nº 2;1;0;27;7;19;0;Point;[-3.6590555, 40.4311944];-3.6590555;40.4311944;POINT (4500779.972771854 -407601.3513700205);6351.981617345794
1034;Capilla de San Isidro;MADRID;CALLE AGUILA 1;40.410034722621276;-3.711938408934679;catolicas;POINT (4498424.488260705 -413500.4498761344);248;Avenida Brasilia;2;240;Avenida de Brasilia frente al nº 9;1;0;24;13;10;0;Point;[-3.66096, 40.43666];-3.66096;40.43666;POINT (4501388.400580734 -407813.792631515);6412.709790611284
1027;Capilla de San Isidro;MADRID;CALLE AGUILA 1;40.410034722621276;-3.711938408934679;catolicas;POINT (4498424.488260705 -413500.4498761344);241;Marqués de Corbera 12;2;233;Avenida Marqués de Corbera nº 12;1;0;24;8;16;0;Point;[-3.6555552857442697, 40.422962108947424];-3.6555552857442697;40.422962108947424;POINT (4499863.558323819 -407210.9141479103);6452.0680656018685
958;Capilla de San Isidro;MADRID;CALLE AGUILA 1;40.410034722621276;-3.711938408934679;catolicas;POINT (4498424.488260705 -413500.4498761344);172;Colombia;0;160;Calle Colombia nº 7;1;0;24;2;20;1;Point;[-3.6763439, 40.4572466];-3.6763439;40.4572466;POINT (4503680.090409898 -409529.8371102056);6586.889985991917
1048;Capilla de San Isidro;MADRID;CALLE AGUILA 1;40.410034722621276;-3.711938408934679;catolicas;POINT (4498424.488260705 -413500.4498761344);263;López Pozas;2;255;Calle General López Pozas nº 2;1;0;24;7;15;0;Point;[-3.68514, 40.46361];-3.68514;40.46361;POINT (4504388.460857612 -410511.0384549898);6671.24799280673
1003;Capilla de San Isidro;MADRID;CALLE AGUILA 1;40.410034722621276;-3.711938408934679;catolicas;POINT (4498424.488260705 -413500.4498761344);217;Plaza de Castilla 2;1;209;Paseo Castellana (Fundación Canal);1;0;24;18;4;0;Point;[-3.6887722, 40.4656779];-3.6887722;40.4656779;POINT (4504618.658432623 -410916.2117031645);6711.634007700193
1014;Capilla de San Isidro;MADRID;CALLE AGUILA 1;40.410034722621276;-3.711938408934679;catolicas;POINT (4498424.488260705 -413500.4498761344);228;Plaza del Encuentro;2;220;Calle Arroyo de las Pilillas nº 6;1;0;24;12;11;0;Point;[-3.65122, 40.40617];-3.65122;40.40617;POINT (4497994.269306446 -406727.329599779);6786.769970065307
1002;Capilla de San Isidro;MADRID;CALLE AGUILA 1;40.410034722621276;-3.711938408934679;catolicas;POINT (4498424.488260705 -413500.4498761344);216;Plaza de Castilla;2;208;Paseo de la Castellana nº 216;1;0;24;11;12;0;Point;[-3.6886388, 40.4663611];-3.6886388;40.4663611;POINT (4504694.711908733 -410901.3308547352);6787.571309658154
1047;Capilla de San Isidro;MADRID;CALLE AGUILA 1;40.410034722621276;-3.711938408934679;catolicas;POINT (4498424.488260705 -413500.4498761344);262;Pío XII;2;254;Avenida Pío XII nº 3;1;0;24;11;12;0;Point;[-3.67712, 40.46041];-3.67712;40.46041;POINT (4504032.238487074 -409616.4103570179);6821.482653162863
983;Capilla de San Isidro;MADRID;CALLE AGUILA 1;40.410034722621276;-3.711938408934679;catolicas;POINT (4498424.488260705 -413500.4498761344);197;Avenida Donostiarra;2;189;Calle Virgen de la Alegría nº 18;1;0;24;13;11;0;Point;[-3.6554918, 40.4351256];-3.6554918;40.4351256;POINT (4501217.591954061 -407203.8325390252);6888.310252291315
1028;Capilla de San Isidro;MADRID;CALLE AGUILA 1;40.410034722621276;-3.711938408934679;catolicas;POINT (4498424.488260705 -413500.4498761344);242;Marqués de Corbera 52;2;234;Avenida Marqués de Corbera nº 52;1;0;24;14;9;0;Point;[-3.651034981803642, 40.426207143200884];-3.651034981803642;40.426207143200884;POINT (4500224.793884521 -406706.6915793895);7028.24673255961
1025;Capilla de San Isidro;MADRID;CALLE AGUILA 1;40.410034722621276;-3.711938408934679;catolicas;POINT (4498424.488260705 -413500.4498761344);239;Derechos Humanos;2;231;Calle Derechos Humanos nº 12;1;0;24;9;15;0;Point;[-3.6557656204708775, 40.43965673033275];-3.6557656204708775;40.43965673033275;POINT (4501721.99507542 -407234.376241853);7080.764788024334
1008;Capilla de San Isidro;MADRID;CALLE AGUILA 1;40.410034722621276;-3.711938408934679;catolicas;POINT (4498424.488260705 -413500.4498761344);222;Condesa de Venadito;2;214;Calle Condesa de Venadito nº 2;1;0;24;13;10;0;Point;[-3.65741, 40.44315];-3.65741;40.44315;POINT (4502110.864075982 -407417.8011451731);7112.522916358418
1013;Capilla de San Isidro;MADRID;CALLE AGUILA 1;40.410034722621276;-3.711938408934679;catolicas;POINT (4498424.488260705 -413500.4498761344);227;Marroquina;2;219;Calle Camino de los Vinateros nº 108;1;0;24;10;13;0;Point;[-3.646697, 40.408264];-3.646697;40.408264;POINT (4498227.372320169 -406222.8087328799);7280.310110428248
1026;Capilla de San Isidro;MADRID;CALLE AGUILA 1;40.410034722621276;-3.711938408934679;catolicas;POINT (4498424.488260705 -413500.4498761344);240;José María Pereda;2;232;Calle José María de Pereda nº 1;1;0;24;11;11;0;Point;[-3.6485306152875148, 40.43272086245887];-3.6485306152875148;40.43272086245887;POINT (4500949.897795491 -406427.3401920618);7510.431007692518
1045;Capilla de San Isidro;MADRID;CALLE AGUILA 1;40.410034722621276;-3.711938408934679;catolicas;POINT (4498424.488260705 -413500.4498761344);260;Chamartín;2;252;Calle Rodríguez Jaén nº 40;1;0;24;7;15;0;Point;[-3.68391, 40.4716];-3.68391;40.4716;POINT (4505277.903589051 -410373.8318768776);7532.930490591753
1041;Capilla de San Isidro;MADRID;CALLE AGUILA 1;40.410034722621276;-3.711938408934679;catolicas;POINT (4498424.488260705 -413500.4498761344);256;Torre Cepsa;2;248;Calle Sinesio Delgado nº 2;1;0;24;14;9;0;Point;[-3.68797, 40.47435];-3.68797;40.47435;POINT (4505584.032188732 -410826.7258551974);7642.504131335898
1023;Capilla de San Isidro;MADRID;CALLE AGUILA 1;40.410034722621276;-3.711938408934679;catolicas;POINT (4498424.488260705 -413500.4498761344);237;C.D. Concepción;0;229;Calle Jose del Hierro nº 5;1;0;24;3;20;0;Point;[-3.64835857929032, 40.43715089959262];-3.64835857929032;40.43715089959262;POINT (4501443.047273415 -406408.1503400223);7707.94468215417
1024;Capilla de San Isidro;MADRID;CALLE AGUILA 1;40.410034722621276;-3.711938408934679;catolicas;POINT (4498424.488260705 -413500.4498761344);238;Carlota O’Neill;0;230;Calle Carlota O'Neill nº 32;1;0;24;1;22;0;Point;[-3.648958444298144, 40.44370542379883];-3.648958444298144;40.44370542379883;POINT (4502172.693570442 -406475.0626355441);7962.732503619163
1009;Capilla de San Isidro;MADRID;CALLE AGUILA 1;40.410034722621276;-3.711938408934679;catolicas;POINT (4498424.488260705 -413500.4498761344);223;Gutierre de Cetina;1;215;Calle Gutierre de Cetina nº 77;1;0;24;18;5;0;Point;[-3.640994, 40.429706];-3.640994;40.429706;POINT (4500614.284841758 -405586.6676448087);8211.160592220713
1042;Capilla de San Isidro;MADRID;CALLE AGUILA 1;40.410034722621276;-3.711938408934679;catolicas;POINT (4498424.488260705 -413500.4498761344);257;Manuel Caldeiro;2;249;Paseo de la Castellana nº 298;1;0;24;16;7;0;Point;[-3.68532, 40.47938];-3.68532;40.47938;POINT (4506143.969227422 -410531.1174823334);8270.871856121468
1011;Capilla de San Isidro;MADRID;CALLE AGUILA 1;40.410034722621276;-3.711938408934679;catolicas;POINT (4498424.488260705 -413500.4498761344);225;Pedro Rico;2;217;Calle Pedro Rico nº 4;1;0;24;13;10;0;Point;[-3.688463, 40.481086];-3.688463;40.481086;POINT (4506333.880278716 -410881.7202647889);8331.640106960418
1015;Capilla de San Isidro;MADRID;CALLE AGUILA 1;40.410034722621276;-3.711938408934679;catolicas;POINT (4498424.488260705 -413500.4498761344);229;Pavones;2;221;Calle Hacienda de Pavones nº 342;1;0;24;8;14;0;Point;[-3.634587, 40.400368];-3.634587;40.400368;POINT (4497348.393620864 -404872.003688147);8695.289718743697
